-- phpMyAdmin SQL Dump
-- version 4.8.3
-- https://www.phpmyadmin.net/
--
-- Host: 127.0.0.1
-- Waktu pembuatan: 13 Mar 2020 pada 12.02
-- Versi server: 10.1.35-MariaDB
-- Versi PHP: 7.2.9

SET SQL_MODE = "NO_AUTO_VALUE_ON_ZERO";
SET AUTOCOMMIT = 0;
START TRANSACTION;
SET time_zone = "+00:00";


/*!40101 SET @OLD_CHARACTER_SET_CLIENT=@@CHARACTER_SET_CLIENT */;
/*!40101 SET @OLD_CHARACTER_SET_RESULTS=@@CHARACTER_SET_RESULTS */;
/*!40101 SET @OLD_COLLATION_CONNECTION=@@COLLATION_CONNECTION */;
/*!40101 SET NAMES utf8mb4 */;

--
-- Database: `db_apotek`
--

-- --------------------------------------------------------

--
-- Struktur dari tabel `dim_dokter`
--

CREATE TABLE `dim_dokter` (
  `dokter_id` int(11) NOT NULL,
  `dokter_nama` text NOT NULL
) ENGINE=InnoDB DEFAULT CHARSET=latin1;

--
-- Dumping data untuk tabel `dim_dokter`
--

INSERT INTO `dim_dokter` (`dokter_id`, `dokter_nama`) VALUES
(1, 'DJUSNIDAR DJA\'FAR, DR, SP.KJ'),
(2, 'DJUSNIDAR DJA\'FAR, DR, SP.KJ'),
(3, 'DJUSNIDAR DJA\'FAR, DR, SP.KJ'),
(4, 'DJUSNIDAR DJA\'FAR, DR, SP.KJ'),
(5, 'DJUSNIDAR DJA\'FAR, DR, SP.KJ'),
(6, 'DJUSNIDAR DJA\'FAR, DR, SP.KJ'),
(7, 'DJUSNIDAR DJA\'FAR, DR, SP.KJ'),
(8, 'DJUSNIDAR DJA\'FAR, DR, SP.KJ'),
(9, 'MAISARAH ZAS, DR, SP.KJ'),
(10, 'MAISARAH ZAS, DR, SP.KJ'),
(11, 'MAISARAH ZAS, DR, SP.KJ'),
(12, 'NINING GILANG S, DR, SP.KJ'),
(13, 'NINING GILANG S, DR, SP.KJ'),
(14, 'NINING GILANG S, DR, SP.KJ'),
(15, 'NINING GILANG S, DR, SP.KJ'),
(16, 'NINING GILANG S, DR, SP.KJ'),
(17, 'DJUSNIDAR DJA\'FAR, DR, SP.KJ'),
(18, 'DJUSNIDAR DJA\'FAR, DR, SP.KJ'),
(19, 'DJUSNIDAR DJA\'FAR, DR, SP.KJ'),
(20, 'DJUSNIDAR DJA\'FAR, DR, SP.KJ'),
(21, 'MAISARAH ZAS, DR, SP.KJ'),
(22, 'MAISARAH ZAS, DR, SP.KJ'),
(23, 'MAISARAH ZAS, DR, SP.KJ'),
(24, 'MAISARAH ZAS, DR, SP.KJ'),
(25, 'MAISARAH ZAS, DR, SP.KJ'),
(26, 'MAISARAH ZAS, DR, SP.KJ'),
(27, 'MAISARAH ZAS, DR, SP.KJ'),
(28, 'NINING GILANG S, DR, SP.KJ'),
(29, 'NINING GILANG S, DR, SP.KJ'),
(30, 'NINING GILANG S, DR, SP.KJ'),
(31, 'NINING GILANG S, DR, SP.KJ'),
(32, 'NINING GILANG S, DR, SP.KJ'),
(33, 'MAISARAH ZAS, DR, SP.KJ'),
(34, 'MAISARAH ZAS, DR, SP.KJ'),
(35, 'MAISARAH ZAS, DR, SP.KJ'),
(36, 'MAISARAH ZAS, DR, SP.KJ'),
(37, 'DJUSNIDAR DJA\'FAR, DR, SP.KJ'),
(38, 'DJUSNIDAR DJA\'FAR, DR, SP.KJ'),
(39, 'DJUSNIDAR DJA\'FAR, DR, SP.KJ'),
(40, 'DJUSNIDAR DJA\'FAR, DR, SP.KJ'),
(41, 'DJUSNIDAR DJA\'FAR, DR, SP.KJ'),
(42, 'DJUSNIDAR DJA\'FAR, DR, SP.KJ'),
(43, 'DJUSNIDAR DJA\'FAR, DR, SP.KJ'),
(44, 'DJUSNIDAR DJA\'FAR, DR, SP.KJ'),
(45, 'MAISARAH ZAS, DR, SP.KJ'),
(46, 'MAISARAH ZAS, DR, SP.KJ'),
(47, 'MAISARAH ZAS, DR, SP.KJ'),
(48, 'MAISARAH ZAS, DR, SP.KJ'),
(49, 'MAISARAH ZAS, DR, SP.KJ'),
(50, 'ANDREAS , DR, SP.KJ'),
(51, 'ANDREAS , DR, SP.KJ'),
(52, 'ANDREAS , DR, SP.KJ'),
(53, 'ANDREAS , DR, SP.KJ'),
(54, 'MAISARAH ZAS, DR, SP.KJ'),
(55, 'MAISARAH ZAS, DR, SP.KJ'),
(56, 'MAISARAH ZAS, DR, SP.KJ'),
(57, 'NINING GILANG S, DR, SP.KJ'),
(58, 'NINING GILANG S, DR, SP.KJ'),
(59, 'NINING GILANG S, DR, SP.KJ'),
(60, 'NINING GILANG S, DR, SP.KJ'),
(61, 'MAISARAH ZAS, DR, SP.KJ'),
(62, 'MAISARAH ZAS, DR, SP.KJ'),
(63, 'MAISARAH ZAS, DR, SP.KJ'),
(64, 'MAISARAH ZAS, DR, SP.KJ'),
(65, 'MAISARAH ZAS, DR, SP.KJ'),
(66, 'MAISARAH ZAS, DR, SP.KJ'),
(67, 'MAISARAH ZAS, DR, SP.KJ'),
(68, 'MAISARAH ZAS, DR, SP.KJ'),
(69, 'MAISARAH ZAS, DR, SP.KJ'),
(70, 'ANDREAS , DR, SP.KJ'),
(71, 'ANDREAS , DR, SP.KJ'),
(72, 'ANDREAS , DR, SP.KJ'),
(73, 'ANDREAS , DR, SP.KJ'),
(74, 'MAISARAH ZAS, DR, SP.KJ'),
(75, 'MAISARAH ZAS, DR, SP.KJ'),
(76, 'MAISARAH ZAS, DR, SP.KJ'),
(77, 'MAISARAH ZAS, DR, SP.KJ'),
(78, 'MAISARAH ZAS, DR, SP.KJ'),
(79, 'MAISARAH ZAS, DR, SP.KJ'),
(80, 'MAISARAH ZAS, DR, SP.KJ'),
(81, 'MAISARAH ZAS, DR, SP.KJ'),
(82, 'MAISARAH ZAS, DR, SP.KJ'),
(83, 'MAISARAH ZAS, DR, SP.KJ'),
(84, 'DJUSNIDAR DJA\'FAR, DR, SP.KJ'),
(85, 'DJUSNIDAR DJA\'FAR, DR, SP.KJ'),
(86, 'DJUSNIDAR DJA\'FAR, DR, SP.KJ'),
(87, 'DJUSNIDAR DJA\'FAR, DR, SP.KJ'),
(88, 'DJUSNIDAR DJA\'FAR, DR, SP.KJ'),
(89, 'MAISARAH ZAS, DR, SP.KJ'),
(90, 'MAISARAH ZAS, DR, SP.KJ'),
(91, 'MAISARAH ZAS, DR, SP.KJ'),
(92, 'MAISARAH ZAS, DR, SP.KJ'),
(93, 'MAISARAH ZAS, DR, SP.KJ'),
(94, 'MAISARAH ZAS, DR, SP.KJ'),
(95, 'MAISARAH ZAS, DR, SP.KJ'),
(96, 'MAISARAH ZAS, DR, SP.KJ'),
(97, 'MAISARAH ZAS, DR, SP.KJ'),
(98, 'MAISARAH ZAS, DR, SP.KJ'),
(99, 'MAISARAH ZAS, DR, SP.KJ'),
(100, 'MAISARAH ZAS, DR, SP.KJ');

-- --------------------------------------------------------

--
-- Struktur dari tabel `dim_obat`
--

CREATE TABLE `dim_obat` (
  `obat_id` int(11) NOT NULL,
  `obat_kode` text NOT NULL,
  `obat_nama` text NOT NULL
) ENGINE=InnoDB DEFAULT CHARSET=latin1;

--
-- Dumping data untuk tabel `dim_obat`
--

INSERT INTO `dim_obat` (`obat_id`, `obat_kode`, `obat_nama`) VALUES
(1, '1025000027', 'TRIHEKSYPHENIDIL 2 MG'),
(2, '1098000021', 'LORAZEPAM 2 MG'),
(3, '1036000002', 'CLOZAPIN 25 MG'),
(4, '1015000038', 'RISPERIDON 2 MG E KATALOG'),
(5, '2112000001', 'HAND SCHOEN'),
(6, '2115000001', 'MASKER PER PCS'),
(7, '1036000002', 'CLOZAPIN 25 MG'),
(8, '1107000004', 'HALOPERIDOL 1.5 MG'),
(9, '1104000005', 'VITAMIN B KOMPLEX'),
(10, '1051000001', 'CURCUMA'),
(11, '2125000001', 'KERTAS PEMBUNGKUS PUYER'),
(12, '2112000001', 'HAND SCHOEN'),
(13, '2115000001', 'MASKER PER PCS'),
(14, '1025000027', 'TRIHEKSYPHENIDIL 2 MG'),
(15, '1036000002', 'CLOZAPIN 25 MG'),
(16, '1107000005', 'HALOPERIDOL 5 MG'),
(17, '2112000001', 'HAND SCHOEN'),
(18, '2115000001', 'MASKER PER PCS'),
(19, '1036000002', 'CLOZAPIN 25 MG'),
(20, '1107000005', 'HALOPERIDOL 5 MG'),
(21, '2112000001', 'HAND SCHOEN'),
(22, '2115000001', 'MASKER PER PCS'),
(23, '1051000001', 'CURCUMA'),
(24, '1104000005', 'VITAMIN B KOMPLEX'),
(25, '1088000002', 'PHENITOIN 100 MG EKAT'),
(26, '1098000021', 'LORAZEPAM 2 MG'),
(27, '1107000011', 'HALOPERIDOL 1.5 MG 2019'),
(28, '2112000001', 'HAND SCHOEN'),
(29, '2115000001', 'MASKER PER PCS'),
(30, '1025000027', 'TRIHEKSYPHENIDIL 2 MG'),
(31, '1029000001', 'CHLORPROMAZINE 100 MG'),
(32, '1015000038', 'RISPERIDON 2 MG E KATALOG'),
(33, '2112000001', 'HAND SCHOEN'),
(34, '2115000001', 'MASKER PER PCS'),
(35, '1098000021', 'LORAZEPAM 2 MG'),
(36, '1107000011', 'HALOPERIDOL 1.5 MG 2019'),
(37, '2112000001', 'HAND SCHOEN'),
(38, '2115000001', 'MASKER PER PCS'),
(39, '1002000004', 'ONZAPINE /OLANZAPINE 5 MG'),
(40, '1029000001', 'CHLORPROMAZINE 100 MG'),
(41, '1001000001', 'DEPAKOT 250 MG'),
(42, '1015000038', 'RISPERIDON 2 MG E KATALOG'),
(43, '2112000001', 'HAND SCHOEN'),
(44, '2112000001', 'HAND SCHOEN'),
(45, '2112000001', 'HAND SCHOEN'),
(46, '2115000001', 'MASKER PER PCS'),
(47, '1000000014', 'RISPERIDON 1 MG'),
(48, '1036000002', 'CLOZAPIN 25 MG'),
(49, '1025000015', 'DIAZEPAM 5 MG'),
(50, '2112000001', 'HAND SCHOEN'),
(51, '2115000001', 'MASKER PER PCS'),
(52, '1036000002', 'CLOZAPIN 25 MG'),
(53, '1107000005', 'HALOPERIDOL 5 MG'),
(54, '2115000001', 'MASKER PER PCS'),
(55, '2112000001', 'HAND SCHOEN'),
(56, '1002000004', 'ONZAPINE /OLANZAPINE 5 MG'),
(57, '2112000001', 'HAND SCHOEN'),
(58, '2115000001', 'MASKER PER PCS'),
(59, '1001000001', 'DEPAKOT 250 MG'),
(60, '1002000004', 'ONZAPINE /OLANZAPINE 5 MG'),
(61, '2115000001', 'MASKER PER PCS'),
(62, '2112000001', 'HAND SCHOEN'),
(63, '1098000021', 'LORAZEPAM 2 MG'),
(64, '1107000011', 'HALOPERIDOL 1.5 MG 2019'),
(65, '2112000001', 'HAND SCHOEN'),
(66, '2115000001', 'MASKER PER PCS'),
(67, '1098000021', 'LORAZEPAM 2 MG'),
(68, '1025000027', 'TRIHEKSYPHENIDIL 2 MG'),
(69, '1107000011', 'HALOPERIDOL 1.5 MG 2019'),
(70, '2112000001', 'HAND SCHOEN'),
(71, '2115000001', 'MASKER PER PCS'),
(72, '1036000002', 'CLOZAPIN 25 MG'),
(73, '1107000005', 'HALOPERIDOL 5 MG'),
(74, '2112000001', 'HAND SCHOEN'),
(75, '2115000001', 'MASKER PER PCS'),
(76, '1029000001', 'CHLORPROMAZINE 100 MG'),
(77, '1001000001', 'DEPAKOT 250 MG'),
(78, '1107000005', 'HALOPERIDOL 5 MG'),
(79, '2112000001', 'HAND SCHOEN'),
(80, '2115000001', 'MASKER PER PCS'),
(81, '1025000027', 'TRIHEKSYPHENIDIL 2 MG'),
(82, '1029000001', 'CHLORPROMAZINE 100 MG'),
(83, '1107000011', 'HALOPERIDOL 1.5 MG 2019'),
(84, '2112000001', 'HAND SCHOEN'),
(85, '2115000001', 'MASKER PER PCS'),
(86, '1001000001', 'DEPAKOT 250 MG'),
(87, '1036000002', 'CLOZAPIN 25 MG'),
(88, '1002000004', 'ONZAPINE /OLANZAPINE 5 MG'),
(89, '2115000001', 'MASKER PER PCS'),
(90, '2112000001', 'HAND SCHOEN'),
(91, '1025000005', 'AMITRIPTILIN 25 MG'),
(92, '1015000038', 'RISPERIDON 2 MG E KATALOG'),
(93, '2112000001', 'HAND SCHOEN'),
(94, '2115000001', 'MASKER PER PCS'),
(95, '1025000027', 'TRIHEKSYPHENIDIL 2 MG'),
(96, '1029000055', 'THIAMIN 50 MG'),
(97, '1002000004', 'ONZAPINE /OLANZAPINE 5 MG'),
(98, '2112000001', 'HAND SCHOEN'),
(99, '2115000001', 'MASKER PER PCS'),
(100, '1025000027', 'TRIHEKSYPHENIDIL 2 MG');

-- --------------------------------------------------------

--
-- Struktur dari tabel `dim_pasien`
--

CREATE TABLE `dim_pasien` (
  `pasien_id` int(11) NOT NULL,
  `pasien_nama` text NOT NULL
) ENGINE=InnoDB DEFAULT CHARSET=latin1;

--
-- Dumping data untuk tabel `dim_pasien`
--

INSERT INTO `dim_pasien` (`pasien_id`, `pasien_nama`) VALUES
(1, 'RAHMAN SAPUTRA'),
(2, 'RAHMAN SAPUTRA'),
(3, 'RAHMAN SAPUTRA'),
(4, 'RAHMAN SAPUTRA'),
(5, 'NASRUANDI ABDI PUTRA'),
(6, 'NASRUANDI ABDI PUTRA'),
(7, 'NASRUANDI ABDI PUTRA'),
(8, 'NASRUANDI ABDI PUTRA'),
(9, 'SUMIATI'),
(10, 'SUMIATI'),
(11, 'SUMIATI'),
(12, 'MASTUR'),
(13, 'MASTUR'),
(14, 'MASTUR'),
(15, 'MASTUR'),
(16, 'MASTUR'),
(17, 'M. RIFKI'),
(18, 'M. RIFKI'),
(19, 'M. RIFKI'),
(20, 'M. RIFKI'),
(21, 'MRS. X/SRI MULYANI'),
(22, 'MRS. X/SRI MULYANI'),
(23, 'MRS. X/SRI MULYANI'),
(24, 'MRS. X/SRI MULYANI'),
(25, 'MRS. X/SRI MULYANI'),
(26, 'MRS. X/SRI MULYANI'),
(27, 'MRS. X/SRI MULYANI'),
(28, 'PATAR PURBA'),
(29, 'PATAR PURBA'),
(30, 'PATAR PURBA'),
(31, 'PATAR PURBA'),
(32, 'PATAR PURBA'),
(33, 'JUMIATI'),
(34, 'JUMIATI'),
(35, 'JUMIATI'),
(36, 'JUMIATI'),
(37, 'AHMAD ZENAL'),
(38, 'AHMAD ZENAL'),
(39, 'AHMAD ZENAL'),
(40, 'AGUS'),
(41, 'AGUS'),
(42, 'AGUS'),
(43, 'AGUS'),
(44, 'AGUS'),
(45, 'MRS.X/ BISU'),
(46, 'MRS.X/ BISU'),
(47, 'MRS.X/ BISU'),
(48, 'MRS.X/ BISU'),
(49, 'MRS.X/ BISU'),
(50, 'JASMANTO'),
(51, 'JASMANTO'),
(52, 'JASMANTO'),
(53, 'JASMANTO'),
(54, 'MRS.X/DESMANIS'),
(55, 'MRS.X/DESMANIS'),
(56, 'MRS.X/DESMANIS'),
(57, 'ADETYA KURNIAWAN'),
(58, 'ADETYA KURNIAWAN'),
(59, 'ADETYA KURNIAWAN'),
(60, 'ADETYA KURNIAWAN'),
(61, 'MRS.X5/ WAHYUNI'),
(62, 'MRS.X5/ WAHYUNI'),
(63, 'MRS.X5/ WAHYUNI'),
(64, 'MRS.X5/ WAHYUNI'),
(65, 'MRS.X'),
(66, 'MRS.X'),
(67, 'MRS.X'),
(68, 'MRS.X'),
(69, 'MRS.X'),
(70, 'YONO SAPUTRA'),
(71, 'YONO SAPUTRA'),
(72, 'YONO SAPUTRA'),
(73, 'YONO SAPUTRA'),
(74, 'HALIMAH HUTASUHUT'),
(75, 'HALIMAH HUTASUHUT'),
(76, 'HALIMAH HUTASUHUT'),
(77, 'HALIMAH HUTASUHUT'),
(78, 'HALIMAH HUTASUHUT'),
(79, 'MRS.X/ MITRA ELFIDA'),
(80, 'MRS.X/ MITRA ELFIDA'),
(81, 'MRS.X/ MITRA ELFIDA'),
(82, 'MRS.X/ MITRA ELFIDA'),
(83, 'MRS.X/ MITRA ELFIDA'),
(84, 'MHD.MUKLIS HANAFI NST'),
(85, 'MHD.MUKLIS HANAFI NST'),
(86, 'MHD.MUKLIS HANAFI NST'),
(87, 'MHD.MUKLIS HANAFI NST'),
(88, 'MHD.MUKLIS HANAFI NST'),
(89, 'NURHIDAYATI'),
(90, 'NURHIDAYATI'),
(91, 'NURHIDAYATI'),
(92, 'NURHIDAYATI'),
(93, 'MRS X/SELVIAWATI'),
(94, 'MRS X/SELVIAWATI'),
(95, 'MRS X/SELVIAWATI'),
(96, 'MRS X/SELVIAWATI'),
(97, 'MRS X/SELVIAWATI'),
(98, 'YANTI GUSTINA'),
(99, 'YANTI GUSTINA'),
(100, 'YANTI GUSTINA');

-- --------------------------------------------------------

--
-- Struktur dari tabel `dim_produsen`
--

CREATE TABLE `dim_produsen` (
  `produsen_id` int(11) NOT NULL,
  `produsen_nama` text NOT NULL
) ENGINE=InnoDB DEFAULT CHARSET=latin1;

--
-- Dumping data untuk tabel `dim_produsen`
--

INSERT INTO `dim_produsen` (`produsen_id`, `produsen_nama`) VALUES
(1, 'INDOFARMA'),
(2, 'MERSI FARMA'),
(3, 'NOVARTIS'),
(4, 'DEXA MEDIKA'),
(5, 'AMBIDEXTROUS'),
(6, 'EVOMED'),
(7, 'NOVARTIS'),
(8, 'YARINDO'),
(9, 'AFI FARMA'),
(10, 'SOHO'),
(11, 'LAIN-LAIN'),
(12, 'AMBIDEXTROUS'),
(13, 'EVOMED'),
(14, 'INDOFARMA'),
(15, 'NOVARTIS'),
(16, 'YARINDO'),
(17, 'AMBIDEXTROUS'),
(18, 'EVOMED'),
(19, 'NOVARTIS'),
(20, 'YARINDO'),
(21, 'AMBIDEXTROUS'),
(22, 'EVOMED'),
(23, 'SOHO'),
(24, 'AFI FARMA'),
(25, 'IKA PHARMINDO'),
(26, 'MERSI FARMA'),
(27, 'YARINDO'),
(28, 'AMBIDEXTROUS'),
(29, 'EVOMED'),
(30, 'INDOFARMA'),
(31, 'KIMIA FARMA'),
(32, 'DEXA MEDIKA'),
(33, 'AMBIDEXTROUS'),
(34, 'EVOMED'),
(35, 'MERSI FARMA'),
(36, 'YARINDO'),
(37, 'AMBIDEXTROUS'),
(38, 'EVOMED'),
(39, 'ACTAVIS'),
(40, 'KIMIA FARMA'),
(41, 'ABBOTT'),
(42, 'DEXA MEDIKA'),
(43, 'AMBIDEXTROUS'),
(44, 'AMBIDEXTROUS'),
(45, 'AMBIDEXTROUS'),
(46, 'EVOMED'),
(47, 'INSTALASI RM & SIMRS'),
(48, 'NOVARTIS'),
(49, 'INDOFARMA'),
(50, 'AMBIDEXTROUS'),
(51, 'EVOMED'),
(52, 'NOVARTIS'),
(53, 'YARINDO'),
(54, 'EVOMED'),
(55, 'AMBIDEXTROUS'),
(56, 'ACTAVIS'),
(57, 'AMBIDEXTROUS'),
(58, 'EVOMED'),
(59, 'ABBOTT'),
(60, 'ACTAVIS'),
(61, 'EVOMED'),
(62, 'AMBIDEXTROUS'),
(63, 'MERSI FARMA'),
(64, 'YARINDO'),
(65, 'AMBIDEXTROUS'),
(66, 'EVOMED'),
(67, 'MERSI FARMA'),
(68, 'INDOFARMA'),
(69, 'YARINDO'),
(70, 'AMBIDEXTROUS'),
(71, 'EVOMED'),
(72, 'NOVARTIS'),
(73, 'YARINDO'),
(74, 'AMBIDEXTROUS'),
(75, 'EVOMED'),
(76, 'KIMIA FARMA'),
(77, 'ABBOTT'),
(78, 'YARINDO'),
(79, 'AMBIDEXTROUS'),
(80, 'EVOMED'),
(81, 'INDOFARMA'),
(82, 'KIMIA FARMA'),
(83, 'YARINDO'),
(84, 'AMBIDEXTROUS'),
(85, 'EVOMED'),
(86, 'ABBOTT'),
(87, 'NOVARTIS'),
(88, 'ACTAVIS'),
(89, 'EVOMED'),
(90, 'AMBIDEXTROUS'),
(91, 'INDOFARMA'),
(92, 'DEXA MEDIKA'),
(93, 'AMBIDEXTROUS'),
(94, 'EVOMED'),
(95, 'INDOFARMA'),
(96, 'KIMIA FARMA'),
(97, 'ACTAVIS'),
(98, 'AMBIDEXTROUS'),
(99, 'EVOMED'),
(100, 'INDOFARMA');

-- --------------------------------------------------------

--
-- Struktur dari tabel `dim_ruang`
--

CREATE TABLE `dim_ruang` (
  `ruang_id` int(11) NOT NULL,
  `ruang_poliklinik` text NOT NULL
) ENGINE=InnoDB DEFAULT CHARSET=latin1;

--
-- Dumping data untuk tabel `dim_ruang`
--

INSERT INTO `dim_ruang` (`ruang_id`, `ruang_poliklinik`) VALUES
(1, 'KAMPAR'),
(2, 'KAMPAR'),
(3, 'KAMPAR'),
(4, 'KAMPAR'),
(5, 'ROKAN'),
(6, 'ROKAN'),
(7, 'ROKAN'),
(8, 'ROKAN'),
(9, 'INDRAGIRI'),
(10, 'INDRAGIRI'),
(11, 'INDRAGIRI'),
(12, 'ROKAN'),
(13, 'ROKAN'),
(14, 'ROKAN'),
(15, 'ROKAN'),
(16, 'ROKAN'),
(17, 'ROKAN'),
(18, 'ROKAN'),
(19, 'ROKAN'),
(20, 'ROKAN'),
(21, 'INDRAGIRI'),
(22, 'INDRAGIRI'),
(23, 'INDRAGIRI'),
(24, 'INDRAGIRI'),
(25, 'INDRAGIRI'),
(26, 'INDRAGIRI'),
(27, 'INDRAGIRI'),
(28, 'ROKAN'),
(29, 'ROKAN'),
(30, 'ROKAN'),
(31, 'ROKAN'),
(32, 'ROKAN'),
(33, 'INDRAGIRI'),
(34, 'INDRAGIRI'),
(35, 'INDRAGIRI'),
(36, 'INDRAGIRI'),
(37, 'ROKAN'),
(38, 'ROKAN'),
(39, 'ROKAN'),
(40, 'ROKAN'),
(41, 'ROKAN'),
(42, 'ROKAN'),
(43, 'ROKAN'),
(44, 'ROKAN'),
(45, 'INDRAGIRI'),
(46, 'INDRAGIRI'),
(47, 'INDRAGIRI'),
(48, 'INDRAGIRI'),
(49, 'INDRAGIRI'),
(50, 'ROKAN'),
(51, 'ROKAN'),
(52, 'ROKAN'),
(53, 'ROKAN'),
(54, 'INDRAGIRI'),
(55, 'INDRAGIRI'),
(56, 'INDRAGIRI'),
(57, 'ROKAN'),
(58, 'ROKAN'),
(59, 'ROKAN'),
(60, 'ROKAN'),
(61, 'INDRAGIRI'),
(62, 'INDRAGIRI'),
(63, 'INDRAGIRI'),
(64, 'INDRAGIRI'),
(65, 'INDRAGIRI'),
(66, 'INDRAGIRI'),
(67, 'INDRAGIRI'),
(68, 'INDRAGIRI'),
(69, 'INDRAGIRI'),
(70, 'ROKAN'),
(71, 'ROKAN'),
(72, 'ROKAN'),
(73, 'ROKAN'),
(74, 'INDRAGIRI'),
(75, 'INDRAGIRI'),
(76, 'INDRAGIRI'),
(77, 'INDRAGIRI'),
(78, 'INDRAGIRI'),
(79, 'INDRAGIRI'),
(80, 'INDRAGIRI'),
(81, 'INDRAGIRI'),
(82, 'INDRAGIRI'),
(83, 'INDRAGIRI'),
(84, 'ROKAN'),
(85, 'ROKAN'),
(86, 'ROKAN'),
(87, 'ROKAN'),
(88, 'ROKAN'),
(89, 'INDRAGIRI'),
(90, 'INDRAGIRI'),
(91, 'INDRAGIRI'),
(92, 'INDRAGIRI'),
(93, 'INDRAGIRI'),
(94, 'INDRAGIRI'),
(95, 'INDRAGIRI'),
(96, 'INDRAGIRI'),
(97, 'INDRAGIRI'),
(98, 'INDRAGIRI'),
(99, 'INDRAGIRI'),
(100, 'INDRAGIRI');

-- --------------------------------------------------------

--
-- Struktur dari tabel `dim_transaksi`
--

CREATE TABLE `dim_transaksi` (
  `transaksi_id` int(11) NOT NULL,
  `transaksi_harga` text NOT NULL,
  `transaksi_jumlah` text NOT NULL,
  `transaksi_total` text NOT NULL
) ENGINE=InnoDB DEFAULT CHARSET=latin1;

--
-- Dumping data untuk tabel `dim_transaksi`
--

INSERT INTO `dim_transaksi` (`transaksi_id`, `transaksi_harga`, `transaksi_jumlah`, `transaksi_total`) VALUES
(1, '3210', '30', '96300'),
(2, '14670', '15', '220050'),
(3, '42537', '33', '1403721'),
(4, '15840', '48', '760320'),
(5, '6580', '5', '32900'),
(6, '1895', '5', '9475'),
(7, '9023', '7', '63161'),
(8, '952', '14', '13328'),
(9, '1400', '10', '14000'),
(10, '10080', '10', '100800'),
(11, '1830', '10', '18300'),
(12, '6580', '5', '32900'),
(13, '1895', '5', '9475'),
(14, '428', '4', '1712'),
(15, '9023', '7', '63161'),
(16, '2772', '18', '49896'),
(17, '6580', '5', '32900'),
(18, '1895', '5', '9475'),
(19, '9023', '7', '63161'),
(20, '1078', '7', '7546'),
(21, '13160', '10', '131600'),
(22, '3790', '10', '37900'),
(23, '14112', '14', '197568'),
(24, '1960', '14', '27440'),
(25, '6328', '14', '88592'),
(26, '6846', '7', '47922'),
(27, '1050', '14', '14700'),
(28, '6580', '5', '32900'),
(29, '1895', '5', '9475'),
(30, '428', '4', '1712'),
(31, '2128', '7', '14896'),
(32, '4620', '14', '64680'),
(33, '13160', '10', '131600'),
(34, '3790', '10', '37900'),
(35, '6846', '7', '47922'),
(36, '1050', '14', '14700'),
(37, '6580', '5', '32900'),
(38, '1895', '5', '9475'),
(39, '51807', '21', '1087947'),
(40, '608', '2', '1216'),
(41, '9660', '7', '67620'),
(42, '4620', '14', '64680'),
(43, '6580', '5', '32900'),
(44, '6580', '5', '32900'),
(45, '13160', '10', '131600'),
(46, '3790', '10', '37900'),
(47, '3360', '14', '47040'),
(48, '9023', '7', '63161'),
(49, '484', '4', '1936'),
(50, '6580', '5', '32900'),
(51, '1895', '5', '9475'),
(52, '9023', '7', '63161'),
(53, '2772', '18', '49896'),
(54, '3790', '10', '37900'),
(55, '13160', '10', '131600'),
(56, '17269', '7', '120883'),
(57, '6580', '5', '32900'),
(58, '1895', '5', '9475'),
(59, '4140', '3', '12420'),
(60, '14802', '6', '88812'),
(61, '3790', '10', '37900'),
(62, '13160', '10', '131600'),
(63, '6846', '7', '47922'),
(64, '1050', '14', '14700'),
(65, '13160', '10', '131600'),
(66, '3790', '10', '37900'),
(67, '6846', '7', '47922'),
(68, '749', '7', '5243'),
(69, '1050', '14', '14700'),
(70, '6580', '5', '32900'),
(71, '1895', '5', '9475'),
(72, '9023', '7', '63161'),
(73, '1694', '11', '18634'),
(74, '13160', '10', '131600'),
(75, '3790', '10', '37900'),
(76, '2128', '7', '14896'),
(77, '9660', '7', '67620'),
(78, '1078', '7', '7546'),
(79, '13160', '10', '131600'),
(80, '3790', '10', '37900'),
(81, '1498', '14', '20972'),
(82, '2128', '7', '14896'),
(83, '525', '7', '3675'),
(84, '6580', '5', '32900'),
(85, '1895', '5', '9475'),
(86, '19320', '14', '270480'),
(87, '9023', '7', '63161'),
(88, '17269', '7', '120883'),
(89, '3790', '10', '37900'),
(90, '13160', '10', '131600'),
(91, '2786', '14', '39004'),
(92, '4620', '14', '64680'),
(93, '13160', '10', '131600'),
(94, '3790', '10', '37900'),
(95, '1498', '14', '20972'),
(96, '1386', '14', '19404'),
(97, '9868', '4', '39472'),
(98, '13160', '10', '131600'),
(99, '3790', '10', '37900'),
(100, '1498', '14', '20972');

-- --------------------------------------------------------

--
-- Struktur dari tabel `dim_waktu`
--

CREATE TABLE `dim_waktu` (
  `waktu_id` int(11) NOT NULL,
  `waktu_hari` text NOT NULL,
  `waktu_tanggal` text NOT NULL,
  `waktu_bulan` text NOT NULL,
  `waktu_tahun` text NOT NULL
) ENGINE=InnoDB DEFAULT CHARSET=latin1;

--
-- Dumping data untuk tabel `dim_waktu`
--

INSERT INTO `dim_waktu` (`waktu_id`, `waktu_hari`, `waktu_tanggal`, `waktu_bulan`, `waktu_tahun`) VALUES
(1, 'Sabtu', '1', '11', '2019'),
(2, 'Sabtu', '1', '11', '2019'),
(3, 'Sabtu', '1', '11', '2019'),
(4, 'Sabtu', '1', '11', '2019'),
(5, 'Sabtu', '1', '11', '2019'),
(6, 'Sabtu', '1', '11', '2019'),
(7, 'Sabtu', '1', '11', '2019'),
(8, 'Sabtu', '1', '11', '2019'),
(9, 'Sabtu', '1', '11', '2019'),
(10, 'Sabtu', '1', '11', '2019'),
(11, 'Sabtu', '1', '11', '2019'),
(12, 'Sabtu', '1', '11', '2019'),
(13, 'Sabtu', '1', '11', '2019'),
(14, 'Sabtu', '1', '11', '2019'),
(15, 'Sabtu', '1', '11', '2019'),
(16, 'Sabtu', '1', '11', '2019'),
(17, 'Sabtu', '1', '11', '2019'),
(18, 'Sabtu', '1', '11', '2019'),
(19, 'Sabtu', '1', '11', '2019'),
(20, 'Sabtu', '1', '11', '2019'),
(21, 'Sabtu', '1', '11', '2019'),
(22, 'Sabtu', '1', '11', '2019'),
(23, 'Sabtu', '1', '11', '2019'),
(24, 'Sabtu', '1', '11', '2019'),
(25, 'Sabtu', '1', '11', '2019'),
(26, 'Sabtu', '1', '11', '2019'),
(27, 'Sabtu', '1', '11', '2019'),
(28, 'Sabtu', '1', '11', '2019'),
(29, 'Sabtu', '1', '11', '2019'),
(30, 'Sabtu', '1', '11', '2019'),
(31, 'Sabtu', '1', '11', '2019'),
(32, 'Sabtu', '1', '11', '2019'),
(33, 'Sabtu', '1', '11', '2019'),
(34, 'Sabtu', '1', '11', '2019'),
(35, 'Sabtu', '1', '11', '2019'),
(36, 'Sabtu', '1', '11', '2019'),
(37, 'Sabtu', '1', '11', '2019'),
(38, 'Sabtu', '1', '11', '2019'),
(39, 'Sabtu', '1', '11', '2019'),
(40, 'Sabtu', '1', '11', '2019'),
(41, 'Sabtu', '1', '11', '2019'),
(42, 'Sabtu', '1', '11', '2019'),
(43, 'Sabtu', '1', '11', '2019'),
(44, 'Sabtu', '1', '11', '2019'),
(45, 'Sabtu', '1', '11', '2019'),
(46, 'Sabtu', '1', '11', '2019'),
(47, 'Sabtu', '1', '11', '2019'),
(48, 'Sabtu', '1', '11', '2019'),
(49, 'Sabtu', '1', '11', '2019'),
(50, 'Sabtu', '1', '11', '2019'),
(51, 'Sabtu', '1', '11', '2019'),
(52, 'Sabtu', '1', '11', '2019'),
(53, 'Sabtu', '1', '11', '2019'),
(54, 'Sabtu', '1', '11', '2019'),
(55, 'Sabtu', '1', '11', '2019'),
(56, 'Sabtu', '1', '11', '2019'),
(57, 'Sabtu', '1', '11', '2019'),
(58, 'Sabtu', '1', '11', '2019'),
(59, 'Sabtu', '1', '11', '2019'),
(60, 'Sabtu', '1', '11', '2019'),
(61, 'Sabtu', '1', '11', '2019'),
(62, 'Sabtu', '1', '11', '2019'),
(63, 'Sabtu', '1', '11', '2019'),
(64, 'Sabtu', '1', '11', '2019'),
(65, 'Sabtu', '1', '11', '2019'),
(66, 'Sabtu', '1', '11', '2019'),
(67, 'Sabtu', '1', '11', '2019'),
(68, 'Sabtu', '1', '11', '2019'),
(69, 'Sabtu', '1', '11', '2019'),
(70, 'Sabtu', '1', '11', '2019'),
(71, 'Sabtu', '1', '11', '2019'),
(72, 'Sabtu', '1', '11', '2019'),
(73, 'Sabtu', '1', '11', '2019'),
(74, 'Sabtu', '1', '11', '2019'),
(75, 'Sabtu', '1', '11', '2019'),
(76, 'Sabtu', '1', '11', '2019'),
(77, 'Sabtu', '1', '11', '2019'),
(78, 'Sabtu', '1', '11', '2019'),
(79, 'Sabtu', '1', '11', '2019'),
(80, 'Sabtu', '1', '11', '2019'),
(81, 'Sabtu', '1', '11', '2019'),
(82, 'Sabtu', '1', '11', '2019'),
(83, 'Sabtu', '1', '11', '2019'),
(84, 'Sabtu', '1', '11', '2019'),
(85, 'Sabtu', '1', '11', '2019'),
(86, 'Sabtu', '1', '11', '2019'),
(87, 'Sabtu', '1', '11', '2019'),
(88, 'Sabtu', '1', '11', '2019'),
(89, 'Sabtu', '1', '11', '2019'),
(90, 'Sabtu', '1', '11', '2019'),
(91, 'Sabtu', '1', '11', '2019'),
(92, 'Sabtu', '1', '11', '2019'),
(93, 'Sabtu', '1', '11', '2019'),
(94, 'Sabtu', '1', '11', '2019'),
(95, 'Sabtu', '1', '11', '2019'),
(96, 'Sabtu', '1', '11', '2019'),
(97, 'Sabtu', '1', '12', '2019'),
(98, 'Sabtu', '1', '12', '2019'),
(99, 'Sabtu', '1', '12', '2019'),
(100, 'Sabtu', '1', '12', '2019');

-- --------------------------------------------------------

--
-- Struktur dari tabel `excel_dokter`
--

CREATE TABLE `excel_dokter` (
  `dokter_id` int(11) NOT NULL,
  `dokter_nama` text NOT NULL,
  `dokter_date_created` datetime NOT NULL DEFAULT CURRENT_TIMESTAMP
) ENGINE=InnoDB DEFAULT CHARSET=latin1;

--
-- Dumping data untuk tabel `excel_dokter`
--

INSERT INTO `excel_dokter` (`dokter_id`, `dokter_nama`, `dokter_date_created`) VALUES
(1, 'DJUSNIDAR DJA\'FAR, DR, SP.KJ', '2020-02-28 21:18:47'),
(2, 'DJUSNIDAR DJA\'FAR, DR, SP.KJ', '2020-02-28 21:18:47'),
(3, 'DJUSNIDAR DJA\'FAR, DR, SP.KJ', '2020-02-28 21:18:47'),
(4, 'DJUSNIDAR DJA\'FAR, DR, SP.KJ', '2020-02-28 21:18:47'),
(5, 'DJUSNIDAR DJA\'FAR, DR, SP.KJ', '2020-02-28 21:18:47'),
(6, 'DJUSNIDAR DJA\'FAR, DR, SP.KJ', '2020-02-28 21:18:47'),
(7, 'DJUSNIDAR DJA\'FAR, DR, SP.KJ', '2020-02-28 21:18:47'),
(8, 'DJUSNIDAR DJA\'FAR, DR, SP.KJ', '2020-02-28 21:18:47'),
(9, 'MAISARAH ZAS, DR, SP.KJ', '2020-02-28 21:18:47'),
(10, 'MAISARAH ZAS, DR, SP.KJ', '2020-02-28 21:18:47'),
(11, 'MAISARAH ZAS, DR, SP.KJ', '2020-02-28 21:18:47'),
(12, 'NINING GILANG S, DR, SP.KJ', '2020-02-28 21:18:47'),
(13, 'NINING GILANG S, DR, SP.KJ', '2020-02-28 21:18:47'),
(14, 'NINING GILANG S, DR, SP.KJ', '2020-02-28 21:18:47'),
(15, 'NINING GILANG S, DR, SP.KJ', '2020-02-28 21:18:47'),
(16, 'NINING GILANG S, DR, SP.KJ', '2020-02-28 21:18:47'),
(17, 'DJUSNIDAR DJA\'FAR, DR, SP.KJ', '2020-02-28 21:18:47'),
(18, 'DJUSNIDAR DJA\'FAR, DR, SP.KJ', '2020-02-28 21:18:47'),
(19, 'DJUSNIDAR DJA\'FAR, DR, SP.KJ', '2020-02-28 21:18:47'),
(20, 'DJUSNIDAR DJA\'FAR, DR, SP.KJ', '2020-02-28 21:18:47'),
(21, 'MAISARAH ZAS, DR, SP.KJ', '2020-02-28 21:18:47'),
(22, 'MAISARAH ZAS, DR, SP.KJ', '2020-02-28 21:18:47'),
(23, 'MAISARAH ZAS, DR, SP.KJ', '2020-02-28 21:18:47'),
(24, 'MAISARAH ZAS, DR, SP.KJ', '2020-02-28 21:18:47'),
(25, 'MAISARAH ZAS, DR, SP.KJ', '2020-02-28 21:18:47'),
(26, 'MAISARAH ZAS, DR, SP.KJ', '2020-02-28 21:18:47'),
(27, 'MAISARAH ZAS, DR, SP.KJ', '2020-02-28 21:18:47'),
(28, 'NINING GILANG S, DR, SP.KJ', '2020-02-28 21:18:47'),
(29, 'NINING GILANG S, DR, SP.KJ', '2020-02-28 21:18:47'),
(30, 'NINING GILANG S, DR, SP.KJ', '2020-02-28 21:18:47'),
(31, 'NINING GILANG S, DR, SP.KJ', '2020-02-28 21:18:47'),
(32, 'NINING GILANG S, DR, SP.KJ', '2020-02-28 21:18:47'),
(33, 'MAISARAH ZAS, DR, SP.KJ', '2020-02-28 21:18:47'),
(34, 'MAISARAH ZAS, DR, SP.KJ', '2020-02-28 21:18:47'),
(35, 'MAISARAH ZAS, DR, SP.KJ', '2020-02-28 21:18:47'),
(36, 'MAISARAH ZAS, DR, SP.KJ', '2020-02-28 21:18:47'),
(37, 'DJUSNIDAR DJA\'FAR, DR, SP.KJ', '2020-02-28 21:18:47'),
(38, 'DJUSNIDAR DJA\'FAR, DR, SP.KJ', '2020-02-28 21:18:47'),
(39, 'DJUSNIDAR DJA\'FAR, DR, SP.KJ', '2020-02-28 21:18:47'),
(40, 'DJUSNIDAR DJA\'FAR, DR, SP.KJ', '2020-02-28 21:18:47'),
(41, 'DJUSNIDAR DJA\'FAR, DR, SP.KJ', '2020-02-28 21:18:47'),
(42, 'DJUSNIDAR DJA\'FAR, DR, SP.KJ', '2020-02-28 21:18:47'),
(43, 'DJUSNIDAR DJA\'FAR, DR, SP.KJ', '2020-02-28 21:18:47'),
(44, 'DJUSNIDAR DJA\'FAR, DR, SP.KJ', '2020-02-28 21:18:47'),
(45, 'MAISARAH ZAS, DR, SP.KJ', '2020-02-28 21:18:47'),
(46, 'MAISARAH ZAS, DR, SP.KJ', '2020-02-28 21:18:47'),
(47, 'MAISARAH ZAS, DR, SP.KJ', '2020-02-28 21:18:47'),
(48, 'MAISARAH ZAS, DR, SP.KJ', '2020-02-28 21:18:47'),
(49, 'MAISARAH ZAS, DR, SP.KJ', '2020-02-28 21:18:47'),
(50, 'ANDREAS , DR, SP.KJ', '2020-02-28 21:18:47'),
(51, 'ANDREAS , DR, SP.KJ', '2020-02-28 21:18:47'),
(52, 'ANDREAS , DR, SP.KJ', '2020-02-28 21:18:47'),
(53, 'ANDREAS , DR, SP.KJ', '2020-02-28 21:18:47'),
(54, 'MAISARAH ZAS, DR, SP.KJ', '2020-02-28 21:18:47'),
(55, 'MAISARAH ZAS, DR, SP.KJ', '2020-02-28 21:18:47'),
(56, 'MAISARAH ZAS, DR, SP.KJ', '2020-02-28 21:18:47'),
(57, 'NINING GILANG S, DR, SP.KJ', '2020-02-28 21:18:47'),
(58, 'NINING GILANG S, DR, SP.KJ', '2020-02-28 21:18:47'),
(59, 'NINING GILANG S, DR, SP.KJ', '2020-02-28 21:18:47'),
(60, 'NINING GILANG S, DR, SP.KJ', '2020-02-28 21:18:47'),
(61, 'MAISARAH ZAS, DR, SP.KJ', '2020-02-28 21:18:47'),
(62, 'MAISARAH ZAS, DR, SP.KJ', '2020-02-28 21:18:47'),
(63, 'MAISARAH ZAS, DR, SP.KJ', '2020-02-28 21:18:47'),
(64, 'MAISARAH ZAS, DR, SP.KJ', '2020-02-28 21:18:47'),
(65, 'MAISARAH ZAS, DR, SP.KJ', '2020-02-28 21:18:47'),
(66, 'MAISARAH ZAS, DR, SP.KJ', '2020-02-28 21:18:47'),
(67, 'MAISARAH ZAS, DR, SP.KJ', '2020-02-28 21:18:47'),
(68, 'MAISARAH ZAS, DR, SP.KJ', '2020-02-28 21:18:47'),
(69, 'MAISARAH ZAS, DR, SP.KJ', '2020-02-28 21:18:47'),
(70, 'ANDREAS , DR, SP.KJ', '2020-02-28 21:18:47'),
(71, 'ANDREAS , DR, SP.KJ', '2020-02-28 21:18:47'),
(72, 'ANDREAS , DR, SP.KJ', '2020-02-28 21:18:47'),
(73, 'ANDREAS , DR, SP.KJ', '2020-02-28 21:18:47'),
(74, 'MAISARAH ZAS, DR, SP.KJ', '2020-02-28 21:18:47'),
(75, 'MAISARAH ZAS, DR, SP.KJ', '2020-02-28 21:18:47'),
(76, 'MAISARAH ZAS, DR, SP.KJ', '2020-02-28 21:18:47'),
(77, 'MAISARAH ZAS, DR, SP.KJ', '2020-02-28 21:18:47'),
(78, 'MAISARAH ZAS, DR, SP.KJ', '2020-02-28 21:18:47'),
(79, 'MAISARAH ZAS, DR, SP.KJ', '2020-02-28 21:18:47'),
(80, 'MAISARAH ZAS, DR, SP.KJ', '2020-02-28 21:18:47'),
(81, 'MAISARAH ZAS, DR, SP.KJ', '2020-02-28 21:18:47'),
(82, 'MAISARAH ZAS, DR, SP.KJ', '2020-02-28 21:18:47'),
(83, 'MAISARAH ZAS, DR, SP.KJ', '2020-02-28 21:18:47'),
(84, 'DJUSNIDAR DJA\'FAR, DR, SP.KJ', '2020-02-28 21:18:47'),
(85, 'DJUSNIDAR DJA\'FAR, DR, SP.KJ', '2020-02-28 21:18:47'),
(86, 'DJUSNIDAR DJA\'FAR, DR, SP.KJ', '2020-02-28 21:18:47'),
(87, 'DJUSNIDAR DJA\'FAR, DR, SP.KJ', '2020-02-28 21:18:47'),
(88, 'DJUSNIDAR DJA\'FAR, DR, SP.KJ', '2020-02-28 21:18:47'),
(89, 'MAISARAH ZAS, DR, SP.KJ', '2020-02-28 21:18:47'),
(90, 'MAISARAH ZAS, DR, SP.KJ', '2020-02-28 21:18:47'),
(91, 'MAISARAH ZAS, DR, SP.KJ', '2020-02-28 21:18:47'),
(92, 'MAISARAH ZAS, DR, SP.KJ', '2020-02-28 21:18:47'),
(93, 'MAISARAH ZAS, DR, SP.KJ', '2020-02-28 21:18:47'),
(94, 'MAISARAH ZAS, DR, SP.KJ', '2020-02-28 21:18:47'),
(95, 'MAISARAH ZAS, DR, SP.KJ', '2020-02-28 21:18:47'),
(96, 'MAISARAH ZAS, DR, SP.KJ', '2020-02-28 21:18:47'),
(97, 'MAISARAH ZAS, DR, SP.KJ', '2020-02-28 21:18:47'),
(98, 'MAISARAH ZAS, DR, SP.KJ', '2020-02-28 21:18:47'),
(99, 'MAISARAH ZAS, DR, SP.KJ', '2020-02-28 21:18:47'),
(100, 'MAISARAH ZAS, DR, SP.KJ', '2020-02-28 21:18:47');

-- --------------------------------------------------------

--
-- Struktur dari tabel `excel_obat`
--

CREATE TABLE `excel_obat` (
  `obat_id` int(11) NOT NULL,
  `obat_kode` text NOT NULL,
  `obat_nama` text NOT NULL,
  `obat_golongan` text NOT NULL,
  `obat_bentuk` text NOT NULL,
  `obat_depo` text NOT NULL,
  `obat_date_created` datetime NOT NULL DEFAULT CURRENT_TIMESTAMP
) ENGINE=InnoDB DEFAULT CHARSET=latin1;

--
-- Dumping data untuk tabel `excel_obat`
--

INSERT INTO `excel_obat` (`obat_id`, `obat_kode`, `obat_nama`, `obat_golongan`, `obat_bentuk`, `obat_depo`, `obat_date_created`) VALUES
(1, '1025000027', 'TRIHEKSYPHENIDIL 2 MG', 'OBAT KERAS', 'TABLET', 'IGD', '2020-02-28 21:18:47'),
(2, '1098000021', 'LORAZEPAM 2 MG', 'OBAT KERAS', 'TABLET', 'IGD', '2020-02-28 21:18:47'),
(3, '1036000002', 'CLOZAPIN 25 MG', 'OBAT KERAS', 'TABLET', 'IGD', '2020-02-28 21:18:47'),
(4, '1015000038', 'RISPERIDON 2 MG E KATALOG', 'OBAT KERAS', 'TABLET', 'IGD', '2020-02-28 21:18:47'),
(5, '2112000001', 'HAND SCHOEN', 'ALKES', 'ALKES', 'IGD', '2020-02-28 21:18:47'),
(6, '2115000001', 'MASKER PER PCS', 'ALKES', 'ALKES', 'IGD', '2020-02-28 21:18:47'),
(7, '1036000002', 'CLOZAPIN 25 MG', 'OBAT KERAS', 'TABLET', 'IGD', '2020-02-28 21:18:47'),
(8, '1107000004', 'HALOPERIDOL 1.5 MG', 'OBAT KERAS', 'TABLET', 'IGD', '2020-02-28 21:18:47'),
(9, '1104000005', 'VITAMIN B KOMPLEX', 'BEBAS', 'TABLET', 'IGD', '2020-02-28 21:18:47'),
(10, '1051000001', 'CURCUMA', 'BEBAS', 'TABLET', 'IGD', '2020-02-28 21:18:47'),
(11, '2125000001', 'KERTAS PEMBUNGKUS PUYER', 'ALKES', 'ALKES', 'IGD', '2020-02-28 21:18:47'),
(12, '2112000001', 'HAND SCHOEN', 'ALKES', 'ALKES', 'IGD', '2020-02-28 21:18:47'),
(13, '2115000001', 'MASKER PER PCS', 'ALKES', 'ALKES', 'APOTIK 1', '2020-02-28 21:18:47'),
(14, '1025000027', 'TRIHEKSYPHENIDIL 2 MG', 'OBAT KERAS', 'TABLET', 'APOTIK 1', '2020-02-28 21:18:47'),
(15, '1036000002', 'CLOZAPIN 25 MG', 'OBAT KERAS', 'TABLET', 'APOTIK 1', '2020-02-28 21:18:47'),
(16, '1107000005', 'HALOPERIDOL 5 MG', 'OBAT KERAS', 'TABLET', 'APOTIK 1', '2020-02-28 21:18:47'),
(17, '2112000001', 'HAND SCHOEN', 'ALKES', 'ALKES', 'APOTIK 1', '2020-02-28 21:18:47'),
(18, '2115000001', 'MASKER PER PCS', 'ALKES', 'ALKES', 'APOTIK 1', '2020-02-28 21:18:47'),
(19, '1036000002', 'CLOZAPIN 25 MG', 'OBAT KERAS', 'TABLET', 'APOTIK 1', '2020-02-28 21:18:47'),
(20, '1107000005', 'HALOPERIDOL 5 MG', 'OBAT KERAS', 'TABLET', 'APOTIK 1', '2020-02-28 21:18:47'),
(21, '2112000001', 'HAND SCHOEN', 'ALKES', 'ALKES', 'APOTIK 1', '2020-02-28 21:18:47'),
(22, '2115000001', 'MASKER PER PCS', 'ALKES', 'ALKES', 'APOTIK 1', '2020-02-28 21:18:47'),
(23, '1051000001', 'CURCUMA', 'BEBAS', 'TABLET', 'APOTIK 1', '2020-02-28 21:18:47'),
(24, '1104000005', 'VITAMIN B KOMPLEX', 'BEBAS', 'TABLET', 'APOTIK 1', '2020-02-28 21:18:47'),
(25, '1088000002', 'PHENITOIN 100 MG EKAT', 'OBAT KERAS', 'TABLET', 'APOTIK 1', '2020-02-28 21:18:47'),
(26, '1098000021', 'LORAZEPAM 2 MG', 'OBAT KERAS', 'TABLET', 'APOTIK 1', '2020-02-28 21:18:47'),
(27, '1107000011', 'HALOPERIDOL 1.5 MG 2019', 'OBAT KERAS', 'TABLET', 'APOTIK 1', '2020-02-28 21:18:47'),
(28, '2112000001', 'HAND SCHOEN', 'ALKES', 'ALKES', 'APOTIK 1', '2020-02-28 21:18:47'),
(29, '2115000001', 'MASKER PER PCS', 'ALKES', 'ALKES', 'APOTIK 1', '2020-02-28 21:18:47'),
(30, '1025000027', 'TRIHEKSYPHENIDIL 2 MG', 'OBAT KERAS', 'TABLET', 'APOTIK 1', '2020-02-28 21:18:47'),
(31, '1029000001', 'CHLORPROMAZINE 100 MG', 'OBAT KERAS', 'TABLET', 'APOTIK 1', '2020-02-28 21:18:47'),
(32, '1015000038', 'RISPERIDON 2 MG E KATALOG', 'OBAT KERAS', 'TABLET', 'APOTIK 1', '2020-02-28 21:18:47'),
(33, '2112000001', 'HAND SCHOEN', 'ALKES', 'ALKES', 'APOTIK 1', '2020-02-28 21:18:47'),
(34, '2115000001', 'MASKER PER PCS', 'ALKES', 'ALKES', 'APOTIK 1', '2020-02-28 21:18:47'),
(35, '1098000021', 'LORAZEPAM 2 MG', 'OBAT KERAS', 'TABLET', 'APOTIK 1', '2020-02-28 21:18:47'),
(36, '1107000011', 'HALOPERIDOL 1.5 MG 2019', 'OBAT KERAS', 'TABLET', 'APOTIK 1', '2020-02-28 21:18:47'),
(37, '2112000001', 'HAND SCHOEN', 'ALKES', 'ALKES', 'APOTIK 1', '2020-02-28 21:18:47'),
(38, '2115000001', 'MASKER PER PCS', 'ALKES', 'ALKES', 'APOTIK 1', '2020-02-28 21:18:47'),
(39, '1002000004', 'ONZAPINE /OLANZAPINE 5 MG', 'OBAT KERAS', 'TABLET', 'APOTIK 1', '2020-02-28 21:18:47'),
(40, '1029000001', 'CHLORPROMAZINE 100 MG', 'OBAT KERAS', 'TABLET', 'APOTIK 1', '2020-02-28 21:18:47'),
(41, '1001000001', 'DEPAKOT 250 MG', 'PSIKOTROPIKA', 'TABLET', 'APOTIK 1', '2020-02-28 21:18:47'),
(42, '1015000038', 'RISPERIDON 2 MG E KATALOG', 'OBAT KERAS', 'TABLET', 'APOTIK 1', '2020-02-28 21:18:47'),
(43, '2112000001', 'HAND SCHOEN', 'ALKES', 'ALKES', 'APOTIK 1', '2020-02-28 21:18:47'),
(44, '2112000001', 'HAND SCHOEN', 'ALKES', 'ALKES', 'APOTIK 1', '2020-02-28 21:18:47'),
(45, '2112000001', 'HAND SCHOEN', 'ALKES', 'ALKES', 'APOTIK 1', '2020-02-28 21:18:47'),
(46, '2115000001', 'MASKER PER PCS', 'ALKES', 'ALKES', 'APOTIK 1', '2020-02-28 21:18:47'),
(47, '1000000014', 'RISPERIDON 1 MG', 'OBAT KERAS', 'TABLET', 'APOTIK 1', '2020-02-28 21:18:47'),
(48, '1036000002', 'CLOZAPIN 25 MG', 'OBAT KERAS', 'TABLET', 'APOTIK 1', '2020-02-28 21:18:47'),
(49, '1025000015', 'DIAZEPAM 5 MG', 'PSIKOTROPIKA', 'TABLET', 'APOTIK 1', '2020-02-28 21:18:47'),
(50, '2112000001', 'HAND SCHOEN', 'ALKES', 'ALKES', 'APOTIK 1', '2020-02-28 21:18:47'),
(51, '2115000001', 'MASKER PER PCS', 'ALKES', 'ALKES', 'APOTIK 1', '2020-02-28 21:18:47'),
(52, '1036000002', 'CLOZAPIN 25 MG', 'OBAT KERAS', 'TABLET', 'APOTIK 1', '2020-02-28 21:18:47'),
(53, '1107000005', 'HALOPERIDOL 5 MG', 'OBAT KERAS', 'TABLET', 'APOTIK 1', '2020-02-28 21:18:47'),
(54, '2115000001', 'MASKER PER PCS', 'ALKES', 'ALKES', 'APOTIK 1', '2020-02-28 21:18:47'),
(55, '2112000001', 'HAND SCHOEN', 'ALKES', 'ALKES', 'APOTIK 1', '2020-02-28 21:18:47'),
(56, '1002000004', 'ONZAPINE /OLANZAPINE 5 MG', 'OBAT KERAS', 'TABLET', 'APOTIK 1', '2020-02-28 21:18:47'),
(57, '2112000001', 'HAND SCHOEN', 'ALKES', 'ALKES', 'APOTIK 1', '2020-02-28 21:18:47'),
(58, '2115000001', 'MASKER PER PCS', 'ALKES', 'ALKES', 'IGD', '2020-02-28 21:18:47'),
(59, '1001000001', 'DEPAKOT 250 MG', 'PSIKOTROPIKA', 'TABLET', 'IGD', '2020-02-28 21:18:47'),
(60, '1002000004', 'ONZAPINE /OLANZAPINE 5 MG', 'OBAT KERAS', 'TABLET', 'IGD', '2020-02-28 21:18:47'),
(61, '2115000001', 'MASKER PER PCS', 'ALKES', 'ALKES', 'IGD', '2020-02-28 21:18:47'),
(62, '2112000001', 'HAND SCHOEN', 'ALKES', 'ALKES', 'IGD', '2020-02-28 21:18:47'),
(63, '1098000021', 'LORAZEPAM 2 MG', 'OBAT KERAS', 'TABLET', 'IGD', '2020-02-28 21:18:47'),
(64, '1107000011', 'HALOPERIDOL 1.5 MG 2019', 'OBAT KERAS', 'TABLET', 'APOTIK 1', '2020-02-28 21:18:47'),
(65, '2112000001', 'HAND SCHOEN', 'ALKES', 'ALKES', 'APOTIK 1', '2020-02-28 21:18:47'),
(66, '2115000001', 'MASKER PER PCS', 'ALKES', 'ALKES', 'APOTIK 1', '2020-02-28 21:18:47'),
(67, '1098000021', 'LORAZEPAM 2 MG', 'OBAT KERAS', 'TABLET', 'APOTIK 1', '2020-02-28 21:18:47'),
(68, '1025000027', 'TRIHEKSYPHENIDIL 2 MG', 'OBAT KERAS', 'TABLET', 'APOTIK 1', '2020-02-28 21:18:47'),
(69, '1107000011', 'HALOPERIDOL 1.5 MG 2019', 'OBAT KERAS', 'TABLET', 'APOTIK 1', '2020-02-28 21:18:47'),
(70, '2112000001', 'HAND SCHOEN', 'ALKES', 'ALKES', 'APOTIK 1', '2020-02-28 21:18:47'),
(71, '2115000001', 'MASKER PER PCS', 'ALKES', 'ALKES', 'APOTIK 1', '2020-02-28 21:18:47'),
(72, '1036000002', 'CLOZAPIN 25 MG', 'OBAT KERAS', 'TABLET', 'IGD', '2020-02-28 21:18:47'),
(73, '1107000005', 'HALOPERIDOL 5 MG', 'OBAT KERAS', 'TABLET', 'IGD', '2020-02-28 21:18:47'),
(74, '2112000001', 'HAND SCHOEN', 'ALKES', 'ALKES', 'IGD', '2020-02-28 21:18:47'),
(75, '2115000001', 'MASKER PER PCS', 'ALKES', 'ALKES', 'IGD', '2020-02-28 21:18:47'),
(76, '1029000001', 'CHLORPROMAZINE 100 MG', 'OBAT KERAS', 'TABLET', 'IGD', '2020-02-28 21:18:47'),
(77, '1001000001', 'DEPAKOT 250 MG', 'PSIKOTROPIKA', 'TABLET', 'IGD', '2020-02-28 21:18:47'),
(78, '1107000005', 'HALOPERIDOL 5 MG', 'OBAT KERAS', 'TABLET', 'IGD', '2020-02-28 21:18:47'),
(79, '2112000001', 'HAND SCHOEN', 'ALKES', 'ALKES', 'IGD', '2020-02-28 21:18:47'),
(80, '2115000001', 'MASKER PER PCS', 'ALKES', 'ALKES', 'IGD', '2020-02-28 21:18:47'),
(81, '1025000027', 'TRIHEKSYPHENIDIL 2 MG', 'OBAT KERAS', 'TABLET', 'IGD', '2020-02-28 21:18:47'),
(82, '1029000001', 'CHLORPROMAZINE 100 MG', 'OBAT KERAS', 'TABLET', 'IGD', '2020-02-28 21:18:47'),
(83, '1107000011', 'HALOPERIDOL 1.5 MG 2019', 'OBAT KERAS', 'TABLET', 'IGD', '2020-02-28 21:18:47'),
(84, '2112000001', 'HAND SCHOEN', 'ALKES', 'ALKES', 'IGD', '2020-02-28 21:18:47'),
(85, '2115000001', 'MASKER PER PCS', 'ALKES', 'ALKES', 'IGD', '2020-02-28 21:18:47'),
(86, '1001000001', 'DEPAKOT 250 MG', 'PSIKOTROPIKA', 'TABLET', 'IGD', '2020-02-28 21:18:47'),
(87, '1036000002', 'CLOZAPIN 25 MG', 'OBAT KERAS', 'TABLET', 'IGD', '2020-02-28 21:18:47'),
(88, '1002000004', 'ONZAPINE /OLANZAPINE 5 MG', 'OBAT KERAS', 'TABLET', 'IGD', '2020-02-28 21:18:47'),
(89, '2115000001', 'MASKER PER PCS', 'ALKES', 'ALKES', 'APOTIK 1', '2020-02-28 21:18:47'),
(90, '2112000001', 'HAND SCHOEN', 'ALKES', 'ALKES', 'APOTIK 1', '2020-02-28 21:18:47'),
(91, '1025000005', 'AMITRIPTILIN 25 MG', 'PSIKOTROPIKA', 'TABLET', 'APOTIK 1', '2020-02-28 21:18:47'),
(92, '1015000038', 'RISPERIDON 2 MG E KATALOG', 'OBAT KERAS', 'TABLET', 'APOTIK 1', '2020-02-28 21:18:47'),
(93, '2112000001', 'HAND SCHOEN', 'ALKES', 'ALKES', 'APOTIK 1', '2020-02-28 21:18:47'),
(94, '2115000001', 'MASKER PER PCS', 'ALKES', 'ALKES', 'APOTIK 1', '2020-02-28 21:18:47'),
(95, '1025000027', 'TRIHEKSYPHENIDIL 2 MG', 'OBAT KERAS', 'TABLET', 'APOTIK 1', '2020-02-28 21:18:47'),
(96, '1029000055', 'THIAMIN 50 MG', 'BEBAS', 'TABLET', 'APOTIK 1', '2020-02-28 21:18:47'),
(97, '1002000004', 'ONZAPINE /OLANZAPINE 5 MG', 'OBAT KERAS', 'TABLET', 'APOTIK 1', '2020-02-28 21:18:47'),
(98, '2112000001', 'HAND SCHOEN', 'ALKES', 'ALKES', 'IGD', '2020-02-28 21:18:47'),
(99, '2115000001', 'MASKER PER PCS', 'ALKES', 'ALKES', 'IGD', '2020-02-28 21:18:47'),
(100, '1025000027', 'TRIHEKSYPHENIDIL 2 MG', 'OBAT KERAS', 'TABLET', 'IGD', '2020-02-28 21:18:47');

-- --------------------------------------------------------

--
-- Struktur dari tabel `excel_pasien`
--

CREATE TABLE `excel_pasien` (
  `pasien_id` int(11) NOT NULL,
  `pasien_nama` text NOT NULL,
  `pasien_jenis_kelamin` text NOT NULL,
  `pasien_umur` text NOT NULL,
  `pasien_date_created` datetime NOT NULL DEFAULT CURRENT_TIMESTAMP
) ENGINE=InnoDB DEFAULT CHARSET=latin1;

--
-- Dumping data untuk tabel `excel_pasien`
--

INSERT INTO `excel_pasien` (`pasien_id`, `pasien_nama`, `pasien_jenis_kelamin`, `pasien_umur`, `pasien_date_created`) VALUES
(1, 'RAHMAN SAPUTRA', 'LAKI-LAKI ', '32 TAHUN', '2020-02-28 21:18:47'),
(2, 'RAHMAN SAPUTRA', 'LAKI-LAKI ', '32 TAHUN', '2020-02-28 21:18:47'),
(3, 'RAHMAN SAPUTRA', 'LAKI-LAKI ', '32 TAHUN', '2020-02-28 21:18:47'),
(4, 'RAHMAN SAPUTRA', 'LAKI-LAKI ', '32 TAHUN', '2020-02-28 21:18:47'),
(5, 'NASRUANDI ABDI PUTRA', 'LAKI-LAKI ', '41 TAHUN', '2020-02-28 21:18:47'),
(6, 'NASRUANDI ABDI PUTRA', 'LAKI-LAKI ', '41 TAHUN', '2020-02-28 21:18:47'),
(7, 'NASRUANDI ABDI PUTRA', 'LAKI-LAKI ', '41 TAHUN', '2020-02-28 21:18:47'),
(8, 'NASRUANDI ABDI PUTRA', 'LAKI-LAKI ', '41 TAHUN', '2020-02-28 21:18:47'),
(9, 'SUMIATI', 'PEREMPUAN ', '53 TAHUN', '2020-02-28 21:18:47'),
(10, 'SUMIATI', 'PEREMPUAN ', '53 TAHUN', '2020-02-28 21:18:47'),
(11, 'SUMIATI', 'PEREMPUAN ', '53 TAHUN', '2020-02-28 21:18:47'),
(12, 'MASTUR', 'LAKI-LAKI ', '42 TAHUN', '2020-02-28 21:18:47'),
(13, 'MASTUR', 'LAKI-LAKI ', '42 TAHUN', '2020-02-28 21:18:47'),
(14, 'MASTUR', 'LAKI-LAKI ', '42 TAHUN', '2020-02-28 21:18:47'),
(15, 'MASTUR', 'LAKI-LAKI ', '42 TAHUN', '2020-02-28 21:18:47'),
(16, 'MASTUR', 'LAKI-LAKI ', '42 TAHUN', '2020-02-28 21:18:47'),
(17, 'M. RIFKI', 'LAKI-LAKI ', '23 TAHUN', '2020-02-28 21:18:47'),
(18, 'M. RIFKI', 'LAKI-LAKI ', '23 TAHUN', '2020-02-28 21:18:47'),
(19, 'M. RIFKI', 'LAKI-LAKI ', '23 TAHUN', '2020-02-28 21:18:47'),
(20, 'M. RIFKI', 'LAKI-LAKI ', '23 TAHUN', '2020-02-28 21:18:47'),
(21, 'MRS. X/SRI MULYANI', 'PEREMPUAN ', '18 TAHUN', '2020-02-28 21:18:47'),
(22, 'MRS. X/SRI MULYANI', 'PEREMPUAN ', '18 TAHUN', '2020-02-28 21:18:47'),
(23, 'MRS. X/SRI MULYANI', 'PEREMPUAN ', '18 TAHUN', '2020-02-28 21:18:47'),
(24, 'MRS. X/SRI MULYANI', 'PEREMPUAN ', '18 TAHUN', '2020-02-28 21:18:47'),
(25, 'MRS. X/SRI MULYANI', 'PEREMPUAN ', '18 TAHUN', '2020-02-28 21:18:47'),
(26, 'MRS. X/SRI MULYANI', 'PEREMPUAN ', '18 TAHUN', '2020-02-28 21:18:47'),
(27, 'MRS. X/SRI MULYANI', 'PEREMPUAN ', '18 TAHUN', '2020-02-28 21:18:47'),
(28, 'PATAR PURBA', 'LAKI-LAKI ', '34 TAHUN', '2020-02-28 21:18:47'),
(29, 'PATAR PURBA', 'LAKI-LAKI ', '34 TAHUN', '2020-02-28 21:18:47'),
(30, 'PATAR PURBA', 'LAKI-LAKI ', '34 TAHUN', '2020-02-28 21:18:47'),
(31, 'PATAR PURBA', 'LAKI-LAKI ', '34 TAHUN', '2020-02-28 21:18:47'),
(32, 'PATAR PURBA', 'LAKI-LAKI ', '34 TAHUN', '2020-02-28 21:18:47'),
(33, 'JUMIATI', 'PEREMPUAN ', '37 TAHUN', '2020-02-28 21:18:47'),
(34, 'JUMIATI', 'PEREMPUAN ', '37 TAHUN', '2020-02-28 21:18:47'),
(35, 'JUMIATI', 'PEREMPUAN ', '37 TAHUN', '2020-02-28 21:18:47'),
(36, 'JUMIATI', 'PEREMPUAN ', '37 TAHUN', '2020-02-28 21:18:47'),
(37, 'AHMAD ZENAL', 'LAKI-LAKI ', '38 TAHUN', '2020-02-28 21:18:47'),
(38, 'AHMAD ZENAL', 'LAKI-LAKI ', '38 TAHUN', '2020-02-28 21:18:47'),
(39, 'AHMAD ZENAL', 'LAKI-LAKI ', '38 TAHUN', '2020-02-28 21:18:47'),
(40, 'AGUS', 'LAKI-LAKI ', '22 TAHUN', '2020-02-28 21:18:47'),
(41, 'AGUS', 'LAKI-LAKI ', '22 TAHUN', '2020-02-28 21:18:47'),
(42, 'AGUS', 'LAKI-LAKI ', '22 TAHUN', '2020-02-28 21:18:47'),
(43, 'AGUS', 'LAKI-LAKI ', '22 TAHUN', '2020-02-28 21:18:47'),
(44, 'AGUS', 'LAKI-LAKI ', '22 TAHUN', '2020-02-28 21:18:47'),
(45, 'MRS.X/ BISU', 'PEREMPUAN ', '32 TAHUN', '2020-02-28 21:18:47'),
(46, 'MRS.X/ BISU', 'PEREMPUAN ', '32 TAHUN', '2020-02-28 21:18:47'),
(47, 'MRS.X/ BISU', 'PEREMPUAN ', '32 TAHUN', '2020-02-28 21:18:47'),
(48, 'MRS.X/ BISU', 'PEREMPUAN ', '32 TAHUN', '2020-02-28 21:18:47'),
(49, 'MRS.X/ BISU', 'PEREMPUAN ', '32 TAHUN', '2020-02-28 21:18:47'),
(50, 'JASMANTO', 'LAKI-LAKI ', '50 TAHUN', '2020-02-28 21:18:47'),
(51, 'JASMANTO', 'LAKI-LAKI ', '50 TAHUN', '2020-02-28 21:18:47'),
(52, 'JASMANTO', 'LAKI-LAKI ', '50 TAHUN', '2020-02-28 21:18:47'),
(53, 'JASMANTO', 'LAKI-LAKI ', '50 TAHUN', '2020-02-28 21:18:47'),
(54, 'MRS.X/DESMANIS', 'PEREMPUAN ', '63 TAHUN', '2020-02-28 21:18:47'),
(55, 'MRS.X/DESMANIS', 'PEREMPUAN ', '63 TAHUN', '2020-02-28 21:18:47'),
(56, 'MRS.X/DESMANIS', 'PEREMPUAN ', '63 TAHUN', '2020-02-28 21:18:47'),
(57, 'ADETYA KURNIAWAN', 'LAKI-LAKI ', '35 TAHUN', '2020-02-28 21:18:47'),
(58, 'ADETYA KURNIAWAN', 'LAKI-LAKI ', '35 TAHUN', '2020-02-28 21:18:47'),
(59, 'ADETYA KURNIAWAN', 'LAKI-LAKI ', '35 TAHUN', '2020-02-28 21:18:47'),
(60, 'ADETYA KURNIAWAN', 'LAKI-LAKI ', '35 TAHUN', '2020-02-28 21:18:47'),
(61, 'MRS.X5/ WAHYUNI', 'PEREMPUAN ', '40 TAHUN', '2020-02-28 21:18:47'),
(62, 'MRS.X5/ WAHYUNI', 'PEREMPUAN ', '40 TAHUN', '2020-02-28 21:18:47'),
(63, 'MRS.X5/ WAHYUNI', 'PEREMPUAN ', '40 TAHUN', '2020-02-28 21:18:47'),
(64, 'MRS.X5/ WAHYUNI', 'PEREMPUAN ', '40 TAHUN', '2020-02-28 21:18:47'),
(65, 'MRS.X', 'PEREMPUAN ', '35 TAHUN', '2020-02-28 21:18:47'),
(66, 'MRS.X', 'PEREMPUAN ', '35 TAHUN', '2020-02-28 21:18:47'),
(67, 'MRS.X', 'PEREMPUAN ', '35 TAHUN', '2020-02-28 21:18:47'),
(68, 'MRS.X', 'PEREMPUAN ', '35 TAHUN', '2020-02-28 21:18:47'),
(69, 'MRS.X', 'PEREMPUAN ', '35 TAHUN', '2020-02-28 21:18:47'),
(70, 'YONO SAPUTRA', 'LAKI-LAKI ', '26 TAHUN', '2020-02-28 21:18:47'),
(71, 'YONO SAPUTRA', 'LAKI-LAKI ', '26 TAHUN', '2020-02-28 21:18:47'),
(72, 'YONO SAPUTRA', 'LAKI-LAKI ', '26 TAHUN', '2020-02-28 21:18:47'),
(73, 'YONO SAPUTRA', 'LAKI-LAKI ', '26 TAHUN', '2020-02-28 21:18:47'),
(74, 'HALIMAH HUTASUHUT', 'PEREMPUAN ', '49 TAHUN', '2020-02-28 21:18:47'),
(75, 'HALIMAH HUTASUHUT', 'PEREMPUAN ', '49 TAHUN', '2020-02-28 21:18:47'),
(76, 'HALIMAH HUTASUHUT', 'PEREMPUAN ', '49 TAHUN', '2020-02-28 21:18:47'),
(77, 'HALIMAH HUTASUHUT', 'PEREMPUAN ', '49 TAHUN', '2020-02-28 21:18:47'),
(78, 'HALIMAH HUTASUHUT', 'PEREMPUAN ', '49 TAHUN', '2020-02-28 21:18:47'),
(79, 'MRS.X/ MITRA ELFIDA', 'PEREMPUAN ', '46 TAHUN', '2020-02-28 21:18:47'),
(80, 'MRS.X/ MITRA ELFIDA', 'PEREMPUAN ', '46 TAHUN', '2020-02-28 21:18:47'),
(81, 'MRS.X/ MITRA ELFIDA', 'PEREMPUAN ', '46 TAHUN', '2020-02-28 21:18:47'),
(82, 'MRS.X/ MITRA ELFIDA', 'PEREMPUAN ', '46 TAHUN', '2020-02-28 21:18:47'),
(83, 'MRS.X/ MITRA ELFIDA', 'PEREMPUAN ', '46 TAHUN', '2020-02-28 21:18:47'),
(84, 'MHD.MUKLIS HANAFI NST', 'LAKI-LAKI ', '22 TAHUN', '2020-02-28 21:18:47'),
(85, 'MHD.MUKLIS HANAFI NST', 'LAKI-LAKI ', '22 TAHUN', '2020-02-28 21:18:47'),
(86, 'MHD.MUKLIS HANAFI NST', 'LAKI-LAKI ', '22 TAHUN', '2020-02-28 21:18:47'),
(87, 'MHD.MUKLIS HANAFI NST', 'LAKI-LAKI ', '22 TAHUN', '2020-02-28 21:18:47'),
(88, 'MHD.MUKLIS HANAFI NST', 'LAKI-LAKI ', '22 TAHUN', '2020-02-28 21:18:47'),
(89, 'NURHIDAYATI', 'PEREMPUAN ', '52 TAHUN', '2020-02-28 21:18:47'),
(90, 'NURHIDAYATI', 'PEREMPUAN ', '52 TAHUN', '2020-02-28 21:18:47'),
(91, 'NURHIDAYATI', 'PEREMPUAN ', '52 TAHUN', '2020-02-28 21:18:47'),
(92, 'NURHIDAYATI', 'PEREMPUAN ', '52 TAHUN', '2020-02-28 21:18:47'),
(93, 'MRS X/SELVIAWATI', 'PEREMPUAN ', '43 TAHUN', '2020-02-28 21:18:47'),
(94, 'MRS X/SELVIAWATI', 'PEREMPUAN ', '43 TAHUN', '2020-02-28 21:18:47'),
(95, 'MRS X/SELVIAWATI', 'PEREMPUAN ', '43 TAHUN', '2020-02-28 21:18:47'),
(96, 'MRS X/SELVIAWATI', 'PEREMPUAN ', '43 TAHUN', '2020-02-28 21:18:47'),
(97, 'MRS X/SELVIAWATI', 'PEREMPUAN ', '43 TAHUN', '2020-02-28 21:18:47'),
(98, 'YANTI GUSTINA', 'PEREMPUAN ', '31 TAHUN', '2020-02-28 21:18:47'),
(99, 'YANTI GUSTINA', 'PEREMPUAN ', '31 TAHUN', '2020-02-28 21:18:47'),
(100, 'YANTI GUSTINA', 'PEREMPUAN ', '31 TAHUN', '2020-02-28 21:18:47');

-- --------------------------------------------------------

--
-- Struktur dari tabel `excel_produsen`
--

CREATE TABLE `excel_produsen` (
  `produsen_id` int(11) NOT NULL,
  `produsen_nama` text NOT NULL,
  `produsen_date_created` datetime NOT NULL DEFAULT CURRENT_TIMESTAMP
) ENGINE=InnoDB DEFAULT CHARSET=latin1;

--
-- Dumping data untuk tabel `excel_produsen`
--

INSERT INTO `excel_produsen` (`produsen_id`, `produsen_nama`, `produsen_date_created`) VALUES
(1, 'INDOFARMA', '2020-02-28 21:18:47'),
(2, 'MERSI FARMA', '2020-02-28 21:18:47'),
(3, 'NOVARTIS', '2020-02-28 21:18:47'),
(4, 'DEXA MEDIKA', '2020-02-28 21:18:47'),
(5, 'AMBIDEXTROUS', '2020-02-28 21:18:47'),
(6, 'EVOMED', '2020-02-28 21:18:47'),
(7, 'NOVARTIS', '2020-02-28 21:18:47'),
(8, 'YARINDO', '2020-02-28 21:18:47'),
(9, 'AFI FARMA', '2020-02-28 21:18:47'),
(10, 'SOHO', '2020-02-28 21:18:47'),
(11, 'LAIN-LAIN', '2020-02-28 21:18:47'),
(12, 'AMBIDEXTROUS', '2020-02-28 21:18:47'),
(13, 'EVOMED', '2020-02-28 21:18:47'),
(14, 'INDOFARMA', '2020-02-28 21:18:47'),
(15, 'NOVARTIS', '2020-02-28 21:18:47'),
(16, 'YARINDO', '2020-02-28 21:18:47'),
(17, 'AMBIDEXTROUS', '2020-02-28 21:18:47'),
(18, 'EVOMED', '2020-02-28 21:18:47'),
(19, 'NOVARTIS', '2020-02-28 21:18:47'),
(20, 'YARINDO', '2020-02-28 21:18:47'),
(21, 'AMBIDEXTROUS', '2020-02-28 21:18:47'),
(22, 'EVOMED', '2020-02-28 21:18:47'),
(23, 'SOHO', '2020-02-28 21:18:47'),
(24, 'AFI FARMA', '2020-02-28 21:18:47'),
(25, 'IKA PHARMINDO', '2020-02-28 21:18:47'),
(26, 'MERSI FARMA', '2020-02-28 21:18:47'),
(27, 'YARINDO', '2020-02-28 21:18:47'),
(28, 'AMBIDEXTROUS', '2020-02-28 21:18:47'),
(29, 'EVOMED', '2020-02-28 21:18:47'),
(30, 'INDOFARMA', '2020-02-28 21:18:47'),
(31, 'KIMIA FARMA', '2020-02-28 21:18:47'),
(32, 'DEXA MEDIKA', '2020-02-28 21:18:47'),
(33, 'AMBIDEXTROUS', '2020-02-28 21:18:47'),
(34, 'EVOMED', '2020-02-28 21:18:47'),
(35, 'MERSI FARMA', '2020-02-28 21:18:47'),
(36, 'YARINDO', '2020-02-28 21:18:47'),
(37, 'AMBIDEXTROUS', '2020-02-28 21:18:47'),
(38, 'EVOMED', '2020-02-28 21:18:47'),
(39, 'ACTAVIS', '2020-02-28 21:18:47'),
(40, 'KIMIA FARMA', '2020-02-28 21:18:47'),
(41, 'ABBOTT', '2020-02-28 21:18:47'),
(42, 'DEXA MEDIKA', '2020-02-28 21:18:47'),
(43, 'AMBIDEXTROUS', '2020-02-28 21:18:47'),
(44, 'AMBIDEXTROUS', '2020-02-28 21:18:47'),
(45, 'AMBIDEXTROUS', '2020-02-28 21:18:47'),
(46, 'EVOMED', '2020-02-28 21:18:47'),
(47, 'INSTALASI RM & SIMRS', '2020-02-28 21:18:47'),
(48, 'NOVARTIS', '2020-02-28 21:18:47'),
(49, 'INDOFARMA', '2020-02-28 21:18:47'),
(50, 'AMBIDEXTROUS', '2020-02-28 21:18:47'),
(51, 'EVOMED', '2020-02-28 21:18:47'),
(52, 'NOVARTIS', '2020-02-28 21:18:47'),
(53, 'YARINDO', '2020-02-28 21:18:47'),
(54, 'EVOMED', '2020-02-28 21:18:47'),
(55, 'AMBIDEXTROUS', '2020-02-28 21:18:47'),
(56, 'ACTAVIS', '2020-02-28 21:18:47'),
(57, 'AMBIDEXTROUS', '2020-02-28 21:18:47'),
(58, 'EVOMED', '2020-02-28 21:18:47'),
(59, 'ABBOTT', '2020-02-28 21:18:47'),
(60, 'ACTAVIS', '2020-02-28 21:18:47'),
(61, 'EVOMED', '2020-02-28 21:18:47'),
(62, 'AMBIDEXTROUS', '2020-02-28 21:18:47'),
(63, 'MERSI FARMA', '2020-02-28 21:18:47'),
(64, 'YARINDO', '2020-02-28 21:18:47'),
(65, 'AMBIDEXTROUS', '2020-02-28 21:18:47'),
(66, 'EVOMED', '2020-02-28 21:18:47'),
(67, 'MERSI FARMA', '2020-02-28 21:18:47'),
(68, 'INDOFARMA', '2020-02-28 21:18:47'),
(69, 'YARINDO', '2020-02-28 21:18:47'),
(70, 'AMBIDEXTROUS', '2020-02-28 21:18:47'),
(71, 'EVOMED', '2020-02-28 21:18:47'),
(72, 'NOVARTIS', '2020-02-28 21:18:47'),
(73, 'YARINDO', '2020-02-28 21:18:47'),
(74, 'AMBIDEXTROUS', '2020-02-28 21:18:47'),
(75, 'EVOMED', '2020-02-28 21:18:47'),
(76, 'KIMIA FARMA', '2020-02-28 21:18:47'),
(77, 'ABBOTT', '2020-02-28 21:18:47'),
(78, 'YARINDO', '2020-02-28 21:18:47'),
(79, 'AMBIDEXTROUS', '2020-02-28 21:18:47'),
(80, 'EVOMED', '2020-02-28 21:18:47'),
(81, 'INDOFARMA', '2020-02-28 21:18:47'),
(82, 'KIMIA FARMA', '2020-02-28 21:18:47'),
(83, 'YARINDO', '2020-02-28 21:18:47'),
(84, 'AMBIDEXTROUS', '2020-02-28 21:18:47'),
(85, 'EVOMED', '2020-02-28 21:18:47'),
(86, 'ABBOTT', '2020-02-28 21:18:47'),
(87, 'NOVARTIS', '2020-02-28 21:18:47'),
(88, 'ACTAVIS', '2020-02-28 21:18:47'),
(89, 'EVOMED', '2020-02-28 21:18:47'),
(90, 'AMBIDEXTROUS', '2020-02-28 21:18:47'),
(91, 'INDOFARMA', '2020-02-28 21:18:47'),
(92, 'DEXA MEDIKA', '2020-02-28 21:18:47'),
(93, 'AMBIDEXTROUS', '2020-02-28 21:18:47'),
(94, 'EVOMED', '2020-02-28 21:18:47'),
(95, 'INDOFARMA', '2020-02-28 21:18:47'),
(96, 'KIMIA FARMA', '2020-02-28 21:18:47'),
(97, 'ACTAVIS', '2020-02-28 21:18:47'),
(98, 'AMBIDEXTROUS', '2020-02-28 21:18:47'),
(99, 'EVOMED', '2020-02-28 21:18:47'),
(100, 'INDOFARMA', '2020-02-28 21:18:47');

-- --------------------------------------------------------

--
-- Struktur dari tabel `excel_ruang`
--

CREATE TABLE `excel_ruang` (
  `ruang_id` int(11) NOT NULL,
  `ruang_poliklinik` text NOT NULL,
  `ruang_jenis_masuk` text NOT NULL,
  `ruang_date_created` datetime NOT NULL DEFAULT CURRENT_TIMESTAMP
) ENGINE=InnoDB DEFAULT CHARSET=latin1;

--
-- Dumping data untuk tabel `excel_ruang`
--

INSERT INTO `excel_ruang` (`ruang_id`, `ruang_poliklinik`, `ruang_jenis_masuk`, `ruang_date_created`) VALUES
(1, 'KAMPAR', 'RAWAT JALAN         ', '2020-02-28 21:18:47'),
(2, 'KAMPAR', 'RAWAT JALAN         ', '2020-02-28 21:18:47'),
(3, 'KAMPAR', 'RAWAT JALAN         ', '2020-02-28 21:18:47'),
(4, 'KAMPAR', 'RAWAT INAP          ', '2020-02-28 21:18:47'),
(5, 'ROKAN', 'RAWAT INAP          ', '2020-02-28 21:18:47'),
(6, 'ROKAN', 'RAWAT INAP          ', '2020-02-28 21:18:47'),
(7, 'ROKAN', 'RAWAT INAP          ', '2020-02-28 21:18:47'),
(8, 'ROKAN', 'RAWAT INAP          ', '2020-02-28 21:18:47'),
(9, 'INDRAGIRI', 'RAWAT INAP          ', '2020-02-28 21:18:47'),
(10, 'INDRAGIRI', 'RAWAT INAP          ', '2020-02-28 21:18:47'),
(11, 'INDRAGIRI', 'RAWAT INAP          ', '2020-02-28 21:18:47'),
(12, 'ROKAN', 'RAWAT JALAN         ', '2020-02-28 21:18:47'),
(13, 'ROKAN', 'RAWAT JALAN         ', '2020-02-28 21:18:47'),
(14, 'ROKAN', 'RAWAT JALAN         ', '2020-02-28 21:18:47'),
(15, 'ROKAN', 'RAWAT INAP          ', '2020-02-28 21:18:47'),
(16, 'ROKAN', 'RAWAT INAP          ', '2020-02-28 21:18:47'),
(17, 'ROKAN', 'RAWAT INAP          ', '2020-02-28 21:18:47'),
(18, 'ROKAN', 'RAWAT JALAN         ', '2020-02-28 21:18:47'),
(19, 'ROKAN', 'RAWAT JALAN         ', '2020-02-28 21:18:47'),
(20, 'ROKAN', 'RAWAT JALAN         ', '2020-02-28 21:18:47'),
(21, 'INDRAGIRI', 'RAWAT JALAN         ', '2020-02-28 21:18:47'),
(22, 'INDRAGIRI', 'RAWAT JALAN         ', '2020-02-28 21:18:47'),
(23, 'INDRAGIRI', 'RAWAT JALAN         ', '2020-02-28 21:18:47'),
(24, 'INDRAGIRI', 'RAWAT JALAN         ', '2020-02-28 21:18:47'),
(25, 'INDRAGIRI', 'RAWAT JALAN         ', '2020-02-28 21:18:47'),
(26, 'INDRAGIRI', 'RAWAT JALAN         ', '2020-02-28 21:18:47'),
(27, 'INDRAGIRI', 'RAWAT JALAN         ', '2020-02-28 21:18:47'),
(28, 'ROKAN', 'RAWAT JALAN         ', '2020-02-28 21:18:47'),
(29, 'ROKAN', 'RAWAT JALAN         ', '2020-02-28 21:18:47'),
(30, 'ROKAN', 'RAWAT INAP          ', '2020-02-28 21:18:47'),
(31, 'ROKAN', 'RAWAT INAP          ', '2020-02-28 21:18:47'),
(32, 'ROKAN', 'RAWAT INAP          ', '2020-02-28 21:18:47'),
(33, 'INDRAGIRI', 'RAWAT INAP          ', '2020-02-28 21:18:47'),
(34, 'INDRAGIRI', 'RAWAT INAP          ', '2020-02-28 21:18:47'),
(35, 'INDRAGIRI', 'RAWAT INAP          ', '2020-02-28 21:18:47'),
(36, 'INDRAGIRI', 'RAWAT INAP          ', '2020-02-28 21:18:47'),
(37, 'ROKAN', 'RAWAT INAP          ', '2020-02-28 21:18:47'),
(38, 'ROKAN', 'RAWAT INAP          ', '2020-02-28 21:18:47'),
(39, 'ROKAN', 'RAWAT INAP          ', '2020-02-28 21:18:47'),
(40, 'ROKAN', 'RAWAT INAP          ', '2020-02-28 21:18:47'),
(41, 'ROKAN', 'RAWAT INAP          ', '2020-02-28 21:18:47'),
(42, 'ROKAN', 'RAWAT INAP          ', '2020-02-28 21:18:47'),
(43, 'ROKAN', 'RAWAT INAP          ', '2020-02-28 21:18:47'),
(44, 'ROKAN', 'RAWAT INAP          ', '2020-02-28 21:18:47'),
(45, 'INDRAGIRI', 'RAWAT INAP          ', '2020-02-28 21:18:47'),
(46, 'INDRAGIRI', 'RAWAT INAP          ', '2020-02-28 21:18:47'),
(47, 'INDRAGIRI', 'RAWAT INAP          ', '2020-02-28 21:18:47'),
(48, 'INDRAGIRI', 'RAWAT INAP          ', '2020-02-28 21:18:47'),
(49, 'INDRAGIRI', 'RAWAT INAP          ', '2020-02-28 21:18:47'),
(50, 'ROKAN', 'RAWAT INAP          ', '2020-02-28 21:18:47'),
(51, 'ROKAN', 'RAWAT INAP          ', '2020-02-28 21:18:47'),
(52, 'ROKAN', 'RAWAT INAP          ', '2020-02-28 21:18:47'),
(53, 'ROKAN', 'RAWAT INAP          ', '2020-02-28 21:18:47'),
(54, 'INDRAGIRI', 'RAWAT INAP          ', '2020-02-28 21:18:47'),
(55, 'INDRAGIRI', 'RAWAT INAP          ', '2020-02-28 21:18:47'),
(56, 'INDRAGIRI', 'RAWAT INAP          ', '2020-02-28 21:18:47'),
(57, 'ROKAN', 'RAWAT INAP          ', '2020-02-28 21:18:47'),
(58, 'ROKAN', 'RAWAT INAP          ', '2020-02-28 21:18:47'),
(59, 'ROKAN', 'RAWAT INAP          ', '2020-02-28 21:18:47'),
(60, 'ROKAN', 'RAWAT INAP          ', '2020-02-28 21:18:47'),
(61, 'INDRAGIRI', 'RAWAT INAP          ', '2020-02-28 21:18:47'),
(62, 'INDRAGIRI', 'RAWAT INAP          ', '2020-02-28 21:18:47'),
(63, 'INDRAGIRI', 'RAWAT INAP          ', '2020-02-28 21:18:47'),
(64, 'INDRAGIRI', 'RAWAT INAP          ', '2020-02-28 21:18:47'),
(65, 'INDRAGIRI', 'RAWAT INAP          ', '2020-02-28 21:18:47'),
(66, 'INDRAGIRI', 'RAWAT INAP          ', '2020-02-28 21:18:47'),
(67, 'INDRAGIRI', 'RAWAT INAP          ', '2020-02-28 21:18:47'),
(68, 'INDRAGIRI', 'RAWAT INAP          ', '2020-02-28 21:18:47'),
(69, 'INDRAGIRI', 'RAWAT INAP          ', '2020-02-28 21:18:47'),
(70, 'ROKAN', 'RAWAT INAP          ', '2020-02-28 21:18:47'),
(71, 'ROKAN', 'RAWAT INAP          ', '2020-02-28 21:18:47'),
(72, 'ROKAN', 'RAWAT INAP          ', '2020-02-28 21:18:47'),
(73, 'ROKAN', 'RAWAT INAP          ', '2020-02-28 21:18:47'),
(74, 'INDRAGIRI', 'RAWAT INAP          ', '2020-02-28 21:18:47'),
(75, 'INDRAGIRI', 'RAWAT INAP          ', '2020-02-28 21:18:47'),
(76, 'INDRAGIRI', 'RAWAT INAP          ', '2020-02-28 21:18:47'),
(77, 'INDRAGIRI', 'RAWAT INAP          ', '2020-02-28 21:18:47'),
(78, 'INDRAGIRI', 'RAWAT INAP          ', '2020-02-28 21:18:47'),
(79, 'INDRAGIRI', 'RAWAT INAP          ', '2020-02-28 21:18:47'),
(80, 'INDRAGIRI', 'RAWAT INAP          ', '2020-02-28 21:18:47'),
(81, 'INDRAGIRI', 'RAWAT INAP          ', '2020-02-28 21:18:47'),
(82, 'INDRAGIRI', 'RAWAT INAP          ', '2020-02-28 21:18:47'),
(83, 'INDRAGIRI', 'RAWAT INAP          ', '2020-02-28 21:18:47'),
(84, 'ROKAN', 'RAWAT INAP          ', '2020-02-28 21:18:47'),
(85, 'ROKAN', 'RAWAT INAP          ', '2020-02-28 21:18:47'),
(86, 'ROKAN', 'RAWAT INAP          ', '2020-02-28 21:18:47'),
(87, 'ROKAN', 'RAWAT INAP          ', '2020-02-28 21:18:47'),
(88, 'ROKAN', 'RAWAT INAP          ', '2020-02-28 21:18:47'),
(89, 'INDRAGIRI', 'RAWAT INAP          ', '2020-02-28 21:18:47'),
(90, 'INDRAGIRI', 'RAWAT INAP          ', '2020-02-28 21:18:47'),
(91, 'INDRAGIRI', 'RAWAT INAP          ', '2020-02-28 21:18:47'),
(92, 'INDRAGIRI', 'RAWAT INAP          ', '2020-02-28 21:18:47'),
(93, 'INDRAGIRI', 'RAWAT INAP          ', '2020-02-28 21:18:47'),
(94, 'INDRAGIRI', 'RAWAT INAP          ', '2020-02-28 21:18:47'),
(95, 'INDRAGIRI', 'RAWAT INAP          ', '2020-02-28 21:18:47'),
(96, 'INDRAGIRI', 'RAWAT INAP          ', '2020-02-28 21:18:47'),
(97, 'INDRAGIRI', 'RAWAT INAP          ', '2020-02-28 21:18:47'),
(98, 'INDRAGIRI', 'RAWAT INAP          ', '2020-02-28 21:18:47'),
(99, 'INDRAGIRI', 'RAWAT INAP          ', '2020-02-28 21:18:47'),
(100, 'INDRAGIRI', 'RAWAT INAP          ', '2020-02-28 21:18:47');

-- --------------------------------------------------------

--
-- Struktur dari tabel `excel_transaksi`
--

CREATE TABLE `excel_transaksi` (
  `transaksi_id` int(11) NOT NULL,
  `transaksi_kelompok` text NOT NULL,
  `transaksi_harga` text NOT NULL,
  `transaksi_jumlah` text NOT NULL,
  `transaksi_cara_bayar` text NOT NULL,
  `transaksi_tanggal` text NOT NULL
) ENGINE=InnoDB DEFAULT CHARSET=latin1;

--
-- Dumping data untuk tabel `excel_transaksi`
--

INSERT INTO `excel_transaksi` (`transaksi_id`, `transaksi_kelompok`, `transaksi_harga`, `transaksi_jumlah`, `transaksi_cara_bayar`, `transaksi_tanggal`) VALUES
(1, 'LAINNYA', '3210', '30', 'BPJS PBI', '1/11/2019'),
(2, 'LAINNYA', '14670', '15', 'BPJS PBI', '1/11/2019'),
(3, 'LAINNYA', '42537', '33', 'BPJS PBI', '1/11/2019'),
(4, 'ASKES', '15840', '48', 'BPJS PBI', '1/11/2019'),
(5, 'LAINNYA', '6580', '5', 'BPJS NON PBI', '1/11/2019'),
(6, 'NON ASKES', '1895', '5', 'BPJS NON PBI', '1/11/2019'),
(7, 'LAINNYA', '9023', '7', 'BPJS NON PBI', '1/11/2019'),
(8, 'LAINNYA', '952', '14', 'BPJS NON PBI', '1/11/2019'),
(9, 'LAINNYA', '1400', '10', 'BPJS PBI', '1/11/2019'),
(10, 'LAINNYA', '10080', '10', 'BPJS PBI', '1/11/2019'),
(11, 'LAINNYA', '1830', '10', 'BPJS PBI', '1/11/2019'),
(12, 'LAINNYA', '6580', '5', 'BPJS NON PBI', '1/11/2019'),
(13, 'LAINNYA', '1895', '5', 'BPJS NON PBI', '1/11/2019'),
(14, 'LAINNYA', '428', '4', 'BPJS NON PBI', '1/11/2019'),
(15, 'LAINNYA', '9023', '7', 'BPJS NON PBI', '1/11/2019'),
(16, 'LAINNYA', '2772', '18', 'BPJS NON PBI', '1/11/2019'),
(17, 'LAINNYA', '6580', '5', 'BPJS NON PBI', '1/11/2019'),
(18, 'LAINNYA', '1895', '5', 'BPJS NON PBI', '1/11/2019'),
(19, 'LAINNYA', '9023', '7', 'BPJS NON PBI', '1/11/2019'),
(20, 'LAINNYA', '1078', '7', 'BPJS NON PBI', '1/11/2019'),
(21, 'LAINNYA', '13160', '10', 'JAMKESDA RIAU', '1/11/2019'),
(22, 'LAINNYA', '3790', '10', 'JAMKESDA RIAU', '1/11/2019'),
(23, 'LAINNYA', '14112', '14', 'JAMKESDA RIAU', '1/11/2019'),
(24, 'LAINNYA', '1960', '14', 'JAMKESDA RIAU', '1/11/2019'),
(25, 'LAINNYA', '6328', '14', 'JAMKESDA RIAU', '1/11/2019'),
(26, 'LAINNYA', '6846', '7', 'JAMKESDA RIAU', '1/11/2019'),
(27, 'LAINNYA', '1050', '14', 'JAMKESDA RIAU', '1/11/2019'),
(28, 'LAINNYA', '6580', '5', 'BPJS NON PBI', '1/11/2019'),
(29, 'LAINNYA', '1895', '5', 'BPJS NON PBI', '1/11/2019'),
(30, 'LAINNYA', '428', '4', 'BPJS NON PBI', '1/11/2019'),
(31, 'LAINNYA', '2128', '7', 'BPJS NON PBI', '1/11/2019'),
(32, 'ASKES', '4620', '14', 'BPJS NON PBI', '1/11/2019'),
(33, 'LAINNYA', '13160', '10', 'JAMKESDA SIAK', '1/11/2019'),
(34, 'LAINNYA', '3790', '10', 'JAMKESDA SIAK', '1/11/2019'),
(35, 'LAINNYA', '6846', '7', 'JAMKESDA SIAK', '1/11/2019'),
(36, 'LAINNYA', '1050', '14', 'JAMKESDA SIAK', '1/11/2019'),
(37, 'LAINNYA', '6580', '5', 'BAYAR SENDIRI', '1/11/2019'),
(38, 'LAINNYA', '1895', '5', 'BAYAR SENDIRI', '1/11/2019'),
(39, 'LAINNYA', '51807', '21', 'BAYAR SENDIRI', '1/11/2019'),
(40, 'LAINNYA', '608', '2', 'BPJS PBI', '1/11/2019'),
(41, 'LAINNYA', '9660', '7', 'BPJS PBI', '1/11/2019'),
(42, 'ASKES', '4620', '14', 'BPJS PBI', '1/11/2019'),
(43, 'LAINNYA', '6580', '5', 'BPJS PBI', '1/11/2019'),
(44, 'LAINNYA', '6580', '5', 'BPJS PBI', '1/11/2019'),
(45, 'LAINNYA', '13160', '10', 'JAMKESDA RIAU', '1/11/2019'),
(46, 'LAINNYA', '3790', '10', 'JAMKESDA RIAU', '1/11/2019'),
(47, 'LAINNYA', '3360', '14', 'JAMKESDA RIAU', '1/11/2019'),
(48, 'LAINNYA', '9023', '7', 'JAMKESDA RIAU', '1/11/2019'),
(49, 'LAINNYA', '484', '4', 'JAMKESDA RIAU', '1/11/2019'),
(50, 'LAINNYA', '6580', '5', 'BPJS NON PBI', '1/11/2019'),
(51, 'LAINNYA', '1895', '5', 'BPJS NON PBI', '1/11/2019'),
(52, 'LAINNYA', '9023', '7', 'BPJS NON PBI', '1/11/2019'),
(53, 'LAINNYA', '2772', '18', 'BPJS NON PBI', '1/11/2019'),
(54, 'LAINNYA', '3790', '10', 'JAMKESDA RIAU', '1/11/2019'),
(55, 'LAINNYA', '13160', '10', 'JAMKESDA RIAU', '1/11/2019'),
(56, 'LAINNYA', '17269', '7', 'JAMKESDA RIAU', '1/11/2019'),
(57, 'LAINNYA', '6580', '5', 'BPJS NON PBI', '1/11/2019'),
(58, 'LAINNYA', '1895', '5', 'BPJS NON PBI', '1/11/2019'),
(59, 'LAINNYA', '4140', '3', 'BPJS NON PBI', '1/11/2019'),
(60, 'LAINNYA', '14802', '6', 'BPJS NON PBI', '1/11/2019'),
(61, 'LAINNYA', '3790', '10', 'JAMKESDA RIAU', '1/11/2019'),
(62, 'LAINNYA', '13160', '10', 'JAMKESDA RIAU', '1/11/2019'),
(63, 'LAINNYA', '6846', '7', 'JAMKESDA RIAU', '1/11/2019'),
(64, 'LAINNYA', '1050', '14', 'JAMKESDA RIAU', '1/11/2019'),
(65, 'LAINNYA', '13160', '10', 'JAMKESDA RIAU', '1/11/2019'),
(66, 'LAINNYA', '3790', '10', 'JAMKESDA RIAU', '1/11/2019'),
(67, 'LAINNYA', '6846', '7', 'JAMKESDA RIAU', '1/11/2019'),
(68, 'LAINNYA', '749', '7', 'JAMKESDA RIAU', '1/11/2019'),
(69, 'LAINNYA', '1050', '14', 'JAMKESDA RIAU', '1/11/2019'),
(70, 'LAINNYA', '6580', '5', 'BPJS NON PBI', '1/11/2019'),
(71, 'LAINNYA', '1895', '5', 'BPJS NON PBI', '1/11/2019'),
(72, 'LAINNYA', '9023', '7', 'BPJS NON PBI', '1/11/2019'),
(73, 'LAINNYA', '1694', '11', 'BPJS NON PBI', '1/11/2019'),
(74, 'LAINNYA', '13160', '10', 'JAMKESDA RIAU', '1/11/2019'),
(75, 'LAINNYA', '3790', '10', 'JAMKESDA RIAU', '1/11/2019'),
(76, 'LAINNYA', '2128', '7', 'JAMKESDA RIAU', '1/11/2019'),
(77, 'LAINNYA', '9660', '7', 'JAMKESDA RIAU', '1/11/2019'),
(78, 'LAINNYA', '1078', '7', 'JAMKESDA RIAU', '1/11/2019'),
(79, 'LAINNYA', '13160', '10', 'JAMKESDA RIAU', '1/11/2019'),
(80, 'LAINNYA', '3790', '10', 'JAMKESDA RIAU', '1/11/2019'),
(81, 'LAINNYA', '1498', '14', 'JAMKESDA RIAU', '1/11/2019'),
(82, 'LAINNYA', '2128', '7', 'JAMKESDA RIAU', '1/11/2019'),
(83, 'LAINNYA', '525', '7', 'JAMKESDA RIAU', '1/11/2019'),
(84, 'LAINNYA', '6580', '5', 'BPJS PBI', '1/11/2019'),
(85, 'LAINNYA', '1895', '5', 'BPJS PBI', '1/11/2019'),
(86, 'LAINNYA', '19320', '14', 'BPJS PBI', '1/11/2019'),
(87, 'LAINNYA', '9023', '7', 'BPJS PBI', '1/11/2019'),
(88, 'LAINNYA', '17269', '7', 'BPJS PBI', '1/11/2019'),
(89, 'LAINNYA', '3790', '10', 'JAMKESDA RIAU', '1/11/2019'),
(90, 'LAINNYA', '13160', '10', 'JAMKESDA RIAU', '1/11/2019'),
(91, 'LAINNYA', '2786', '14', 'JAMKESDA RIAU', '1/11/2019'),
(92, 'ASKES', '4620', '14', 'JAMKESDA RIAU', '1/11/2019'),
(93, 'LAINNYA', '13160', '10', 'JAMKESDA RIAU', '1/11/2019'),
(94, 'LAINNYA', '3790', '10', 'JAMKESDA RIAU', '1/11/2019'),
(95, 'LAINNYA', '1498', '14', 'JAMKESDA RIAU', '1/11/2019'),
(96, 'ASKES', '1386', '14', 'JAMKESDA RIAU', '1/11/2019'),
(97, 'LAINNYA', '9868', '4', 'JAMKESDA RIAU', '1/12/2019'),
(98, 'LAINNYA', '13160', '10', 'BPJS NON PBI', '1/12/2019'),
(99, 'LAINNYA', '3790', '10', 'BPJS NON PBI', '1/12/2019'),
(100, 'LAINNYA', '1498', '14', 'BPJS NON PBI', '1/12/2019');

-- --------------------------------------------------------

--
-- Struktur dari tabel `fact_penjualan`
--

CREATE TABLE `fact_penjualan` (
  `id_fact` int(11) NOT NULL,
  `id_dokter` int(11) NOT NULL,
  `id_obat` int(11) NOT NULL,
  `id_pasien` int(11) NOT NULL,
  `id_produsen` int(11) NOT NULL,
  `id_ruang` int(11) NOT NULL,
  `id_transaksi` int(11) NOT NULL,
  `id_waktu` int(11) NOT NULL
) ENGINE=InnoDB DEFAULT CHARSET=latin1;

--
-- Dumping data untuk tabel `fact_penjualan`
--

INSERT INTO `fact_penjualan` (`id_fact`, `id_dokter`, `id_obat`, `id_pasien`, `id_produsen`, `id_ruang`, `id_transaksi`, `id_waktu`) VALUES
(1, 1, 1, 1, 1, 1, 1, 1),
(2, 2, 2, 2, 2, 2, 2, 2),
(3, 3, 3, 3, 3, 3, 3, 3),
(4, 4, 4, 4, 4, 4, 4, 4),
(5, 5, 5, 5, 5, 5, 5, 5),
(6, 6, 6, 6, 6, 6, 6, 6),
(7, 7, 7, 7, 7, 7, 7, 7),
(8, 8, 8, 8, 8, 8, 8, 8),
(9, 9, 9, 9, 9, 9, 9, 9),
(10, 10, 10, 10, 10, 10, 10, 10),
(11, 11, 11, 11, 11, 11, 11, 11),
(12, 12, 12, 12, 12, 12, 12, 12),
(13, 13, 13, 13, 13, 13, 13, 13),
(14, 14, 14, 14, 14, 14, 14, 14),
(15, 15, 15, 15, 15, 15, 15, 15),
(16, 16, 16, 16, 16, 16, 16, 16),
(17, 17, 17, 17, 17, 17, 17, 17),
(18, 18, 18, 18, 18, 18, 18, 18),
(19, 19, 19, 19, 19, 19, 19, 19),
(20, 20, 20, 20, 20, 20, 20, 20),
(21, 21, 21, 21, 21, 21, 21, 21),
(22, 22, 22, 22, 22, 22, 22, 22),
(23, 23, 23, 23, 23, 23, 23, 23),
(24, 24, 24, 24, 24, 24, 24, 24),
(25, 25, 25, 25, 25, 25, 25, 25),
(26, 26, 26, 26, 26, 26, 26, 26),
(27, 27, 27, 27, 27, 27, 27, 27),
(28, 28, 28, 28, 28, 28, 28, 28),
(29, 29, 29, 29, 29, 29, 29, 29),
(30, 30, 30, 30, 30, 30, 30, 30),
(31, 31, 31, 31, 31, 31, 31, 31),
(32, 32, 32, 32, 32, 32, 32, 32),
(33, 33, 33, 33, 33, 33, 33, 33),
(34, 34, 34, 34, 34, 34, 34, 34),
(35, 35, 35, 35, 35, 35, 35, 35),
(36, 36, 36, 36, 36, 36, 36, 36),
(37, 37, 37, 37, 37, 37, 37, 37),
(38, 38, 38, 38, 38, 38, 38, 38),
(39, 39, 39, 39, 39, 39, 39, 39),
(40, 40, 40, 40, 40, 40, 40, 40),
(41, 41, 41, 41, 41, 41, 41, 41),
(42, 42, 42, 42, 42, 42, 42, 42),
(43, 43, 43, 43, 43, 43, 43, 43),
(44, 44, 44, 44, 44, 44, 44, 44),
(45, 45, 45, 45, 45, 45, 45, 45),
(46, 46, 46, 46, 46, 46, 46, 46),
(47, 47, 47, 47, 47, 47, 47, 47),
(48, 48, 48, 48, 48, 48, 48, 48),
(49, 49, 49, 49, 49, 49, 49, 49),
(50, 50, 50, 50, 50, 50, 50, 50),
(51, 51, 51, 51, 51, 51, 51, 51),
(52, 52, 52, 52, 52, 52, 52, 52),
(53, 53, 53, 53, 53, 53, 53, 53),
(54, 54, 54, 54, 54, 54, 54, 54),
(55, 55, 55, 55, 55, 55, 55, 55),
(56, 56, 56, 56, 56, 56, 56, 56),
(57, 57, 57, 57, 57, 57, 57, 57),
(58, 58, 58, 58, 58, 58, 58, 58),
(59, 59, 59, 59, 59, 59, 59, 59),
(60, 60, 60, 60, 60, 60, 60, 60),
(61, 61, 61, 61, 61, 61, 61, 61),
(62, 62, 62, 62, 62, 62, 62, 62),
(63, 63, 63, 63, 63, 63, 63, 63),
(64, 64, 64, 64, 64, 64, 64, 64),
(65, 65, 65, 65, 65, 65, 65, 65),
(66, 66, 66, 66, 66, 66, 66, 66),
(67, 67, 67, 67, 67, 67, 67, 67),
(68, 68, 68, 68, 68, 68, 68, 68),
(69, 69, 69, 69, 69, 69, 69, 69),
(70, 70, 70, 70, 70, 70, 70, 70),
(71, 71, 71, 71, 71, 71, 71, 71),
(72, 72, 72, 72, 72, 72, 72, 72),
(73, 73, 73, 73, 73, 73, 73, 73),
(74, 74, 74, 74, 74, 74, 74, 74),
(75, 75, 75, 75, 75, 75, 75, 75),
(76, 76, 76, 76, 76, 76, 76, 76),
(77, 77, 77, 77, 77, 77, 77, 77),
(78, 78, 78, 78, 78, 78, 78, 78),
(79, 79, 79, 79, 79, 79, 79, 79),
(80, 80, 80, 80, 80, 80, 80, 80),
(81, 81, 81, 81, 81, 81, 81, 81),
(82, 82, 82, 82, 82, 82, 82, 82),
(83, 83, 83, 83, 83, 83, 83, 83),
(84, 84, 84, 84, 84, 84, 84, 84),
(85, 85, 85, 85, 85, 85, 85, 85),
(86, 86, 86, 86, 86, 86, 86, 86),
(87, 87, 87, 87, 87, 87, 87, 87),
(88, 88, 88, 88, 88, 88, 88, 88),
(89, 89, 89, 89, 89, 89, 89, 89),
(90, 90, 90, 90, 90, 90, 90, 90),
(91, 91, 91, 91, 91, 91, 91, 91),
(92, 92, 92, 92, 92, 92, 92, 92),
(93, 93, 93, 93, 93, 93, 93, 93),
(94, 94, 94, 94, 94, 94, 94, 94),
(95, 95, 95, 95, 95, 95, 95, 95),
(96, 96, 96, 96, 96, 96, 96, 96),
(97, 97, 97, 97, 97, 97, 97, 97),
(98, 98, 98, 98, 98, 98, 98, 98),
(99, 99, 99, 99, 99, 99, 99, 99),
(100, 100, 100, 100, 100, 100, 100, 100);

-- --------------------------------------------------------

--
-- Struktur dari tabel `pengguna`
--

CREATE TABLE `pengguna` (
  `id` int(11) NOT NULL,
  `user_name` varchar(25) NOT NULL,
  `password` varchar(50) NOT NULL
) ENGINE=InnoDB DEFAULT CHARSET=latin1;

--
-- Dumping data untuk tabel `pengguna`
--

INSERT INTO `pengguna` (`id`, `user_name`, `password`) VALUES
(1, 'admin', '21232f297a57a5a743894a0e4a801fc3'),
(2, 'ryoo', '21232f297a57a5a743894a0e4a801fc3');

--
-- Indexes for dumped tables
--

--
-- Indeks untuk tabel `dim_dokter`
--
ALTER TABLE `dim_dokter`
  ADD PRIMARY KEY (`dokter_id`);

--
-- Indeks untuk tabel `dim_obat`
--
ALTER TABLE `dim_obat`
  ADD PRIMARY KEY (`obat_id`);

--
-- Indeks untuk tabel `dim_pasien`
--
ALTER TABLE `dim_pasien`
  ADD PRIMARY KEY (`pasien_id`);

--
-- Indeks untuk tabel `dim_produsen`
--
ALTER TABLE `dim_produsen`
  ADD PRIMARY KEY (`produsen_id`);

--
-- Indeks untuk tabel `dim_ruang`
--
ALTER TABLE `dim_ruang`
  ADD PRIMARY KEY (`ruang_id`);

--
-- Indeks untuk tabel `dim_transaksi`
--
ALTER TABLE `dim_transaksi`
  ADD PRIMARY KEY (`transaksi_id`);

--
-- Indeks untuk tabel `dim_waktu`
--
ALTER TABLE `dim_waktu`
  ADD PRIMARY KEY (`waktu_id`);

--
-- Indeks untuk tabel `excel_dokter`
--
ALTER TABLE `excel_dokter`
  ADD PRIMARY KEY (`dokter_id`);

--
-- Indeks untuk tabel `excel_obat`
--
ALTER TABLE `excel_obat`
  ADD PRIMARY KEY (`obat_id`);

--
-- Indeks untuk tabel `excel_pasien`
--
ALTER TABLE `excel_pasien`
  ADD PRIMARY KEY (`pasien_id`);

--
-- Indeks untuk tabel `excel_produsen`
--
ALTER TABLE `excel_produsen`
  ADD PRIMARY KEY (`produsen_id`);

--
-- Indeks untuk tabel `excel_ruang`
--
ALTER TABLE `excel_ruang`
  ADD PRIMARY KEY (`ruang_id`);

--
-- Indeks untuk tabel `excel_transaksi`
--
ALTER TABLE `excel_transaksi`
  ADD PRIMARY KEY (`transaksi_id`);

--
-- Indeks untuk tabel `fact_penjualan`
--
ALTER TABLE `fact_penjualan`
  ADD PRIMARY KEY (`id_fact`);

--
-- Indeks untuk tabel `pengguna`
--
ALTER TABLE `pengguna`
  ADD PRIMARY KEY (`id`);

--
-- AUTO_INCREMENT untuk tabel yang dibuang
--

--
-- AUTO_INCREMENT untuk tabel `dim_dokter`
--
ALTER TABLE `dim_dokter`
  MODIFY `dokter_id` int(11) NOT NULL AUTO_INCREMENT, AUTO_INCREMENT=101;

--
-- AUTO_INCREMENT untuk tabel `dim_obat`
--
ALTER TABLE `dim_obat`
  MODIFY `obat_id` int(11) NOT NULL AUTO_INCREMENT, AUTO_INCREMENT=101;

--
-- AUTO_INCREMENT untuk tabel `dim_pasien`
--
ALTER TABLE `dim_pasien`
  MODIFY `pasien_id` int(11) NOT NULL AUTO_INCREMENT, AUTO_INCREMENT=101;

--
-- AUTO_INCREMENT untuk tabel `dim_produsen`
--
ALTER TABLE `dim_produsen`
  MODIFY `produsen_id` int(11) NOT NULL AUTO_INCREMENT, AUTO_INCREMENT=101;

--
-- AUTO_INCREMENT untuk tabel `dim_ruang`
--
ALTER TABLE `dim_ruang`
  MODIFY `ruang_id` int(11) NOT NULL AUTO_INCREMENT, AUTO_INCREMENT=101;

--
-- AUTO_INCREMENT untuk tabel `dim_transaksi`
--
ALTER TABLE `dim_transaksi`
  MODIFY `transaksi_id` int(11) NOT NULL AUTO_INCREMENT, AUTO_INCREMENT=101;

--
-- AUTO_INCREMENT untuk tabel `dim_waktu`
--
ALTER TABLE `dim_waktu`
  MODIFY `waktu_id` int(11) NOT NULL AUTO_INCREMENT, AUTO_INCREMENT=101;

--
-- AUTO_INCREMENT untuk tabel `excel_dokter`
--
ALTER TABLE `excel_dokter`
  MODIFY `dokter_id` int(11) NOT NULL AUTO_INCREMENT, AUTO_INCREMENT=101;

--
-- AUTO_INCREMENT untuk tabel `excel_obat`
--
ALTER TABLE `excel_obat`
  MODIFY `obat_id` int(11) NOT NULL AUTO_INCREMENT, AUTO_INCREMENT=101;

--
-- AUTO_INCREMENT untuk tabel `excel_pasien`
--
ALTER TABLE `excel_pasien`
  MODIFY `pasien_id` int(11) NOT NULL AUTO_INCREMENT, AUTO_INCREMENT=101;

--
-- AUTO_INCREMENT untuk tabel `excel_produsen`
--
ALTER TABLE `excel_produsen`
  MODIFY `produsen_id` int(11) NOT NULL AUTO_INCREMENT, AUTO_INCREMENT=101;

--
-- AUTO_INCREMENT untuk tabel `excel_ruang`
--
ALTER TABLE `excel_ruang`
  MODIFY `ruang_id` int(11) NOT NULL AUTO_INCREMENT, AUTO_INCREMENT=101;

--
-- AUTO_INCREMENT untuk tabel `excel_transaksi`
--
ALTER TABLE `excel_transaksi`
  MODIFY `transaksi_id` int(11) NOT NULL AUTO_INCREMENT, AUTO_INCREMENT=101;

--
-- AUTO_INCREMENT untuk tabel `fact_penjualan`
--
ALTER TABLE `fact_penjualan`
  MODIFY `id_fact` int(11) NOT NULL AUTO_INCREMENT, AUTO_INCREMENT=101;

--
-- AUTO_INCREMENT untuk tabel `pengguna`
--
ALTER TABLE `pengguna`
  MODIFY `id` int(11) NOT NULL AUTO_INCREMENT, AUTO_INCREMENT=3;
COMMIT;

/*!40101 SET CHARACTER_SET_CLIENT=@OLD_CHARACTER_SET_CLIENT */;
/*!40101 SET CHARACTER_SET_RESULTS=@OLD_CHARACTER_SET_RESULTS */;
/*!40101 SET COLLATION_CONNECTION=@OLD_COLLATION_CONNECTION */;
